DateTime,Google_Trend_Score,Market_Sentiment,Social_Media_Sentiment,News_Sentiment,Industry_Outlook,Inflation_Rate,Consumer_Confidence_Index,Disposable_Income_Change,Unemployment_Rate,Seasonal_Impact,Supply_Chain_Delays,Raw_Material_Cost_Index,Energy_Price_Index,Exchange_Rate_Impact,Online_Shopping_Index,Mobile_Shopping_Percentage,Weather_Impact,Competitor_Activity_Index
2022-06-04,66.69,0.174,0.486,-0.799,0.834,2.86,92.06,3.31,3.05,Low,5.08,108.36,103.72,0.02,93.71,46.11,Positive,25.27
2023-03-17,59.96,-0.624,-0.456,-0.745,-0.672,3.59,126.22,1.81,5.94,Low,3.88,96.48,98.36,-0.013,117.17,55.8,Negative,9.85
2023-06-06,58.06,0.271,0.836,0.442,-0.465,2.88,102.59,3.9,3.56,Low,1.43,95.56,96.07,-0.002,107.41,44.09,Positive,28.09
2022-02-07,47.86,0.532,0.338,0.428,0.829,4.14,125.47,0.67,4.91,Low,8.05,90.91,100.46,-0.033,114.56,52.38,Positive,63.87
2022-07-04,75.77,0.087,-0.386,0.701,-0.054,2.15,103.14,-0.54,6.52,High,1.37,91.13,95.27,-0.049,112.6,45.16,Negative,70.52
2022-02-19,44.05,-0.406,-0.303,-0.821,-0.093,3.44,78.6,3.0,4.15,Low,13.27,103.24,97.32,0.04,113.14,61.31,Positive,73.96
2022-10-08,37.47,-0.609,-0.586,-0.69,-0.551,2.4,72.25,2.03,5.43,Low,1.92,90.24,99.58,0.019,94.68,64.29,Positive,43.46
2023-08-02,41.72,-0.38,-0.925,0.194,-0.408,2.62,111.45,-1.6,3.98,Low,12.88,103.34,104.54,-0.026,119.51,51.78,Positive,68.46
2023-11-02,52.62,-0.178,0.273,-0.075,-0.733,2.76,88.01,-1.35,6.59,Low,11.54,105.5,97.81,-0.006,113.44,52.85,Positive,40.18
2022-05-11,70.02,-0.379,0.085,-0.224,-0.999,3.7,105.2,2.56,3.84,Low,8.95,92.22,99.02,0.03,113.54,62.16,Positive,96.73
2023-12-09,78.0,0.045,-0.526,-0.157,0.817,3.34,104.16,1.22,5.06,High,7.55,94.78,100.27,0.006,98.29,54.61,Negative,56.87
2022-03-21,64.89,-0.215,-0.674,0.084,-0.054,4.14,125.59,2.33,4.18,Low,4.72,103.95,96.21,-0.0,97.17,51.28,Negative,33.27
2023-12-13,74.96,0.443,0.635,0.412,0.282,3.15,70.25,-0.68,3.01,Low,7.65,100.92,102.95,-0.018,93.94,40.31,Negative,69.73
2023-03-08,63.1,0.387,0.562,-0.335,0.932,4.01,76.05,1.32,3.8,Low,7.53,105.32,98.05,0.027,107.08,60.69,Neutral,49.33
2023-08-24,49.68,-0.368,-0.552,-0.764,0.211,4.98,98.7,3.54,3.84,Low,3.39,95.06,100.62,-0.039,108.37,63.13,Neutral,76.01
2023-05-22,77.66,-0.376,-0.572,-0.572,0.017,2.04,111.72,-0.03,3.2,Low,10.3,99.04,97.85,-0.03,105.62,62.23,Neutral,57.56
2023-01-21,55.99,0.309,0.983,-0.531,0.476,3.89,93.38,-0.48,6.1,Low,3.6,109.66,95.19,0.047,117.14,49.04,Positive,77.07
2022-01-29,51.75,0.537,0.89,0.841,-0.12,2.27,92.06,-0.51,3.85,Low,5.23,105.74,96.95,-0.038,91.95,56.78,Positive,24.63
2023-07-19,41.71,-0.083,0.232,0.186,-0.667,2.08,103.7,1.59,4.69,Low,0.85,107.85,97.71,-0.019,109.84,59.86,Negative,29.6
2022-02-10,43.28,0.1,-0.608,0.331,0.577,4.8,126.29,-0.98,5.85,Low,7.27,108.95,96.34,-0.036,99.01,55.17,Negative,23.7
2023-05-04,70.0,-0.039,0.526,0.096,-0.739,3.38,104.86,2.07,5.26,Low,12.44,98.27,101.87,0.027,100.61,53.02,Neutral,21.91
2023-06-15,51.57,0.459,0.925,-0.111,0.562,3.85,81.76,3.49,4.57,Low,7.81,95.25,99.65,-0.002,93.93,46.09,Positive,13.97
2022-03-18,45.25,0.61,0.288,0.995,0.546,2.14,117.5,1.33,6.9,Low,7.03,107.98,101.47,-0.046,105.09,53.63,Neutral,92.8
2022-12-19,67.94,0.124,0.044,-0.122,0.449,2.99,82.5,1.73,6.04,High,9.31,91.59,96.72,0.006,114.97,52.84,Negative,20.64
2023-08-12,37.94,0.262,0.669,0.81,-0.695,4.79,128.42,-1.29,3.31,Low,4.07,107.83,102.96,-0.033,102.41,59.31,Negative,99.44
2023-03-22,41.85,-0.063,0.028,-0.569,0.353,3.14,70.65,-1.36,5.18,Low,10.18,94.66,103.11,-0.022,114.87,42.61,Positive,90.78
2022-01-01,56.38,-0.238,0.608,-0.397,-0.926,3.01,109.22,0.22,5.02,High,13.43,90.9,104.14,-0.041,105.47,67.55,Positive,0.77
2022-04-17,50.51,0.099,0.571,0.177,-0.451,4.21,91.52,2.9,6.92,High,11.22,105.61,104.53,-0.026,97.04,68.6,Negative,68.31
2023-07-22,36.28,0.285,0.75,0.374,-0.27,2.18,107.41,2.44,6.78,Low,14.07,101.71,102.35,0.02,97.51,52.81,Positive,8.75
2022-09-07,23.06,0.308,-0.401,0.937,0.389,4.17,89.4,2.93,4.94,Low,10.73,97.59,100.16,-0.027,116.83,44.22,Positive,44.5
2022-11-23,31.84,0.142,0.889,-0.888,0.425,4.26,118.24,-1.99,6.8,Low,3.7,98.13,104.52,0.006,104.4,55.55,Negative,4.72
2022-03-24,34.2,0.206,0.41,0.009,0.2,2.45,77.22,-0.81,6.05,Low,3.25,106.42,95.37,0.04,104.95,68.87,Positive,2.88
2023-04-17,41.9,0.411,0.244,0.696,0.293,2.73,102.76,0.48,4.16,Low,12.36,90.01,103.5,-0.044,104.48,42.41,Positive,59.69
2023-04-18,39.1,-0.392,-0.933,-0.208,-0.034,2.14,120.99,-0.39,5.78,Low,5.72,93.26,102.62,0.021,117.68,53.01,Neutral,52.22
2023-01-25,28.07,0.31,0.529,0.144,0.257,4.4,94.97,-1.66,4.11,Low,1.79,96.28,104.38,-0.032,102.59,51.48,Neutral,44.4
2022-06-19,40.49,-0.444,-0.535,-0.361,-0.437,2.63,126.72,-1.49,6.99,Low,7.94,97.55,98.43,-0.006,114.0,41.4,Positive,33.59
2022-08-29,23.87,0.195,-0.507,0.446,0.648,2.53,89.33,2.48,4.42,Low,2.5,90.78,97.52,0.041,95.72,54.09,Positive,54.22
2023-01-30,19.8,0.186,0.927,-0.314,-0.055,2.56,75.59,-1.93,4.2,Low,3.45,109.06,97.46,-0.036,90.07,42.03,Negative,75.72
2022-07-07,41.25,-0.423,-0.168,-0.595,-0.507,3.4,94.45,2.34,5.23,High,12.0,108.45,99.3,-0.029,113.76,47.58,Positive,91.32
2023-08-22,25.26,0.12,0.308,-0.759,0.811,2.71,78.63,-0.73,6.27,Low,8.2,95.69,101.38,-0.044,116.14,53.87,Negative,46.54
2023-04-20,36.94,0.015,0.887,0.058,-0.901,2.14,71.73,0.75,3.19,Low,12.26,101.27,98.55,0.035,97.95,43.19,Negative,54.59
2023-03-31,34.29,-0.625,-0.736,-0.154,-0.983,4.58,124.88,1.88,3.33,Low,0.85,94.81,101.97,-0.0,115.71,57.98,Positive,85.5
2022-08-24,28.7,0.242,0.576,-0.174,0.325,4.82,122.17,2.67,3.66,Low,8.75,107.98,95.73,-0.025,110.37,64.95,Positive,80.03
2023-05-05,41.71,0.225,-0.315,0.963,0.027,4.09,122.92,1.02,3.53,Low,10.26,106.01,95.09,-0.034,104.96,40.37,Negative,35.25
2022-12-23,54.74,-0.303,0.083,-0.753,-0.238,2.55,122.82,3.92,3.56,High,14.12,99.78,103.01,-0.043,103.08,50.78,Neutral,19.47
2022-05-02,36.67,0.155,-0.316,0.486,0.294,4.94,71.94,1.07,4.19,Low,11.89,91.96,96.93,-0.026,119.38,48.92,Neutral,83.85
2023-12-03,38.94,-0.121,-0.693,-0.264,0.594,2.19,70.48,1.61,5.11,High,3.47,90.41,100.83,-0.017,105.63,69.69,Positive,72.57
2023-02-04,27.04,0.3,0.272,-0.294,0.922,4.94,111.71,0.67,4.5,Low,9.94,90.33,103.21,0.009,112.76,66.8,Neutral,68.94
2022-09-27,18.32,-0.207,0.238,-0.552,-0.308,3.81,112.54,-0.58,6.44,Low,8.16,93.56,100.07,-0.01,96.19,58.42,Negative,60.76
2022-02-15,23.68,0.622,0.919,0.223,0.723,2.21,77.27,-1.1,4.65,Low,0.16,94.28,102.83,-0.042,110.09,67.55,Neutral,11.07
2022-05-21,38.46,-0.21,-0.362,-0.099,-0.171,4.38,117.27,3.88,5.61,High,8.71,92.22,101.72,0.031,114.89,62.51,Positive,21.74
2022-09-18,22.21,0.558,0.95,0.351,0.372,2.64,124.55,3.48,4.38,Low,7.46,93.4,98.8,-0.032,107.62,57.82,Positive,29.95
2023-09-03,22.52,0.159,-0.486,0.402,0.562,2.95,108.47,3.21,3.23,Low,8.5,100.56,101.8,-0.028,116.68,46.94,Neutral,27.56
2022-12-31,39.43,-0.182,0.724,-0.597,-0.671,3.74,128.24,3.37,5.01,High,0.4,108.53,98.41,0.008,117.29,60.88,Negative,53.91
2023-01-11,32.79,0.26,0.234,0.155,0.39,3.52,127.09,1.66,3.14,High,8.62,108.23,95.11,0.039,97.06,55.2,Neutral,67.38
2022-04-15,27.5,-0.03,0.111,-0.233,0.033,3.8,125.52,2.31,3.35,Low,13.6,94.84,99.97,0.026,117.39,64.19,Positive,27.19
2022-02-21,24.37,-0.182,0.276,-0.817,-0.005,2.48,97.19,2.58,3.36,Low,6.33,92.03,104.49,-0.03,101.39,42.55,Negative,14.01
2022-06-21,23.98,-0.699,-0.558,-0.674,-0.865,4.76,82.47,1.5,5.73,Low,9.83,95.14,100.85,0.014,107.27,55.34,Negative,41.48
2022-01-19,19.74,0.323,0.085,0.346,0.537,2.69,123.11,3.58,6.02,Low,6.46,99.03,104.97,-0.0,107.94,40.88,Negative,84.83
2023-07-13,39.49,-0.22,0.309,-0.905,-0.064,3.26,81.47,2.55,6.83,High,8.64,97.02,98.41,-0.033,104.31,57.47,Positive,95.62
2023-11-30,53.66,0.242,0.54,-0.07,0.255,2.17,82.87,3.82,3.9,High,4.01,99.4,101.2,0.034,111.64,69.25,Positive,55.5
2023-05-29,30.6,-0.028,0.765,-0.962,0.113,3.46,82.06,3.3,6.27,Low,11.06,95.55,104.59,-0.032,101.9,60.83,Neutral,22.77
2022-04-10,36.7,0.16,-0.209,-0.301,0.991,2.88,85.3,3.8,4.06,High,2.58,101.95,99.34,0.001,112.52,65.01,Negative,97.37
2022-10-21,16.77,0.564,0.552,0.881,0.258,3.77,124.78,2.5,3.52,Low,5.83,107.49,104.16,0.01,96.21,56.95,Neutral,60.53
2022-12-10,32.61,0.127,0.381,-0.648,0.647,4.65,88.15,-1.8,4.18,High,6.8,101.94,102.04,-0.003,90.55,40.21,Negative,48.55
2022-06-14,18.18,0.142,-0.846,0.833,0.44,3.58,79.05,-0.64,5.94,Low,8.76,101.89,104.82,0.046,90.97,50.65,Positive,82.8
2022-12-09,20.16,-0.386,0.127,-0.627,-0.657,3.47,94.44,0.83,5.69,Low,5.42,95.67,102.16,-0.017,99.61,64.77,Negative,83.18
2022-03-14,14.95,-0.364,0.18,-0.935,-0.339,4.63,71.61,-0.34,6.69,Low,0.81,104.42,98.11,0.003,91.97,66.49,Positive,70.25
2022-07-30,13.77,-0.256,-0.784,-0.723,0.74,2.32,76.31,0.81,3.26,Low,1.65,101.04,97.79,-0.041,111.02,58.46,Positive,31.52
2023-07-31,12.68,-0.118,-0.563,0.707,-0.499,2.71,103.27,2.99,3.69,Low,12.96,100.37,95.64,0.01,104.23,68.46,Neutral,92.46
2022-05-09,16.99,-0.388,-0.738,0.128,-0.554,2.37,99.64,0.71,5.67,Low,11.21,108.22,95.37,0.026,91.91,47.77,Negative,84.51
2023-12-07,17.73,0.246,0.022,0.955,-0.239,3.63,90.14,3.84,4.46,Low,4.36,101.43,95.81,-0.013,93.93,53.43,Neutral,0.48
2022-07-19,11.81,0.008,-0.985,0.313,0.697,3.14,84.21,0.2,6.55,Low,8.01,94.18,96.17,0.033,109.89,43.73,Negative,44.17
2022-03-05,14.78,-0.12,-0.045,0.093,-0.409,4.02,105.79,3.85,5.91,Low,7.02,103.7,102.04,0.041,114.73,50.46,Neutral,57.01
2023-06-07,16.58,-0.317,0.102,-0.796,-0.256,3.75,105.19,3.17,3.85,Low,11.14,90.68,104.98,-0.023,91.68,45.99,Negative,94.4
2022-09-08,12.21,0.557,0.296,0.545,0.832,2.46,99.35,-1.06,3.63,Low,11.47,94.4,97.33,0.031,104.5,56.78,Positive,40.58
2023-06-09,16.86,0.159,0.894,-0.63,0.214,2.62,126.27,-0.54,5.82,Low,1.06,108.8,100.73,-0.026,112.1,68.61,Neutral,4.24
2022-12-03,24.61,0.0,0.112,-0.363,0.251,3.22,88.79,0.43,6.82,High,3.67,93.88,95.71,0.032,104.49,42.26,Neutral,61.91
2023-04-01,25.73,-0.601,-0.669,-0.832,-0.302,3.89,110.73,1.85,3.05,High,2.97,93.11,97.97,0.002,110.45,48.74,Positive,50.23
2023-02-01,15.01,-0.122,-0.957,-0.036,0.627,2.98,87.73,-0.69,4.02,Low,4.82,107.92,97.07,-0.044,119.46,63.58,Neutral,11.54
2023-05-17,23.65,-0.557,-0.342,-0.376,-0.953,4.35,127.71,3.29,6.94,Low,10.18,96.22,97.29,0.012,100.56,49.92,Neutral,93.05
2022-08-03,16.14,0.15,0.548,0.422,-0.519,3.56,90.3,-0.1,5.52,Low,0.49,109.57,97.22,0.016,93.34,44.03,Negative,94.69
2022-01-24,15.03,0.02,-0.958,0.631,0.387,3.1,88.11,-1.01,4.48,Low,11.01,91.31,95.3,0.032,112.81,56.53,Neutral,34.23
2022-04-11,19.73,-0.256,-0.371,-0.149,-0.247,2.37,70.5,1.16,6.08,Low,9.38,98.3,97.25,0.002,109.37,40.38,Neutral,34.41
2023-07-05,23.62,-0.452,-0.179,-0.464,-0.712,3.15,95.85,0.86,5.96,High,8.55,97.62,102.75,-0.05,92.39,68.95,Neutral,68.66
2023-10-31,10.64,-0.049,0.946,-0.816,-0.276,2.79,117.55,1.72,5.15,Low,9.09,92.73,103.38,0.003,108.75,54.31,Negative,36.45
2022-12-28,19.22,0.081,0.51,0.599,-0.866,3.05,100.25,-0.26,3.49,Low,0.8,105.32,96.06,-0.016,103.46,69.44,Negative,83.28
2023-09-22,9.98,-0.031,-0.258,-0.214,0.378,3.07,87.48,2.03,5.86,Low,14.57,102.87,96.83,-0.002,108.69,52.33,Neutral,94.78
2022-10-23,11.06,-0.006,-0.874,0.715,0.14,2.27,89.53,2.92,4.09,Low,11.99,91.22,98.21,0.045,107.12,43.83,Negative,97.99
2023-04-24,13.37,0.077,0.158,0.675,-0.602,3.58,119.0,3.95,3.91,Low,12.34,97.43,97.08,0.019,102.52,42.23,Positive,76.0
2022-07-05,17.94,0.552,0.891,0.564,0.202,2.3,106.19,3.13,5.71,High,5.0,101.16,98.38,-0.008,98.52,65.19,Neutral,23.46
2023-07-15,19.43,0.385,0.286,0.03,0.84,2.7,103.84,-0.98,4.57,High,1.38,107.74,99.83,0.025,97.03,69.89,Neutral,69.6
2022-05-30,16.82,-0.497,-0.733,-0.503,-0.257,4.94,88.75,2.36,5.71,Low,0.54,102.9,100.32,0.036,92.42,60.15,Neutral,95.43
2022-06-15,14.65,0.179,-0.187,0.676,0.047,2.49,129.13,1.17,4.54,Low,4.19,92.48,100.79,0.024,91.19,59.35,Negative,73.08
2022-01-02,19.71,-0.317,-0.731,-0.879,0.66,3.15,127.48,3.66,3.21,High,4.79,108.38,95.3,-0.004,110.15,49.78,Neutral,55.67
2023-03-27,14.36,0.295,-0.474,0.957,0.4,2.11,72.06,0.13,3.81,Low,13.31,101.72,100.24,-0.004,112.77,43.05,Positive,69.9
2023-08-27,13.86,0.142,-0.605,0.046,0.986,3.79,94.68,-0.02,6.41,Low,2.5,92.34,100.87,0.041,118.55,68.84,Neutral,18.25
2022-07-12,21.5,0.193,0.022,0.097,0.46,4.19,76.62,3.61,3.08,High,11.64,103.88,103.61,0.01,110.24,52.92,Neutral,10.86
2022-09-16,9.25,-0.027,-0.144,-0.265,0.329,4.17,118.15,3.57,6.67,Low,2.0,91.78,101.22,0.044,113.96,66.32,Positive,10.8
2023-12-10,18.62,-0.253,-0.569,-0.28,0.091,2.75,127.67,2.13,5.91,High,4.27,101.47,100.37,0.023,96.91,52.99,Negative,93.59
2022-02-13,12.86,-0.215,-0.904,-0.268,0.528,2.95,122.54,1.04,6.16,Low,10.53,108.99,97.22,-0.045,96.17,49.63,Neutral,27.1
2023-09-19,7.89,-0.308,-0.672,0.104,-0.356,3.08,125.76,1.32,4.66,Low,8.67,107.92,95.21,-0.027,112.06,45.75,Positive,4.14
2023-10-07,10.88,-0.196,-0.837,0.566,-0.315,4.6,122.68,0.39,4.47,Low,0.3,91.56,98.85,-0.05,119.35,51.47,Positive,76.57
2022-07-16,9.67,-0.042,0.399,-0.037,-0.487,3.88,126.64,2.29,3.85,Low,8.76,106.03,101.29,-0.014,109.45,58.19,Positive,53.13
2023-07-11,13.05,-0.41,-0.206,-0.758,-0.267,3.96,78.38,-0.53,6.2,High,7.82,101.79,101.4,0.012,98.37,53.07,Positive,65.11
2022-12-18,16.33,0.083,-0.781,0.472,0.557,4.01,81.81,-1.94,4.78,High,8.91,102.86,96.83,-0.035,119.86,42.43,Negative,62.33
2023-12-08,11.91,0.202,0.483,-0.271,0.394,3.4,126.21,-1.66,6.55,Low,13.02,108.57,100.36,0.038,112.25,41.64,Neutral,73.55
2022-04-27,11.38,0.083,0.809,0.357,-0.919,2.74,87.52,2.66,5.26,Low,6.27,101.07,97.05,-0.018,100.98,62.05,Negative,14.54
2022-05-26,13.69,0.114,0.61,0.301,-0.57,3.77,90.88,-0.75,4.77,Low,11.12,104.65,101.96,0.023,106.13,41.32,Negative,23.81
2022-12-17,23.13,-0.451,-0.536,-0.541,-0.277,4.46,125.41,-1.83,4.03,High,0.31,92.18,96.78,-0.037,117.85,68.59,Positive,14.32
2022-07-22,10.34,-0.054,0.453,0.129,-0.746,4.65,111.68,3.07,6.92,Low,1.93,109.95,95.12,0.039,92.78,46.52,Negative,57.38
2022-02-03,10.44,-0.139,-0.202,-0.883,0.668,3.72,111.48,3.76,3.04,Low,2.77,94.25,100.02,-0.027,97.31,52.14,Neutral,39.82
2022-02-18,10.69,-0.257,-0.452,0.084,-0.401,3.21,115.52,1.24,5.46,Low,0.92,90.27,99.23,0.015,95.96,55.29,Neutral,93.16
2022-10-10,9.31,0.146,0.558,0.586,-0.707,3.9,128.79,1.85,3.15,Low,13.34,98.29,100.55,-0.022,99.85,42.4,Negative,31.64
2022-07-15,17.28,-0.398,-0.126,-0.077,-0.992,2.16,83.71,-0.44,6.62,High,8.32,105.9,104.97,-0.043,97.22,50.05,Positive,43.53
2022-10-25,8.38,0.596,0.344,0.754,0.69,4.46,81.09,2.49,3.97,Low,4.54,99.72,97.85,0.007,96.7,45.94,Negative,22.99
2023-03-13,12.7,-0.129,-0.525,-0.167,0.305,3.58,90.83,0.97,5.25,Low,3.68,104.0,99.29,-0.026,114.8,57.87,Neutral,98.53
2023-11-26,26.63,-0.461,-0.666,-0.47,-0.247,4.38,78.99,-1.73,4.3,High,9.68,102.76,99.83,0.035,105.3,44.92,Neutral,44.59
2022-06-03,11.56,-0.007,-0.323,0.713,-0.41,3.02,106.4,3.06,5.39,Low,11.62,106.02,97.33,0.026,95.65,62.93,Neutral,3.09
2023-11-28,26.24,-0.146,-0.064,-0.038,-0.337,4.43,127.95,0.11,3.58,High,9.99,106.59,99.37,-0.023,119.34,46.32,Negative,78.52
2023-06-30,11.47,-0.244,0.367,-0.351,-0.747,4.55,117.32,0.82,4.62,Low,12.17,106.35,103.58,-0.017,104.08,57.22,Neutral,90.1
2022-08-07,11.81,-0.203,-0.518,0.38,-0.469,3.49,85.24,-1.03,5.62,Low,10.68,96.02,102.23,0.018,118.55,47.12,Negative,15.69
2023-12-24,18.67,0.328,0.352,0.917,-0.286,2.15,116.01,0.13,3.18,High,7.68,108.34,101.42,-0.044,107.92,46.75,Negative,18.54
2022-12-11,12.9,0.089,0.845,-0.421,-0.156,3.57,114.29,3.73,3.62,High,9.66,109.64,100.88,0.004,118.86,65.29,Positive,22.5
2023-03-11,9.72,-0.292,-0.534,0.49,-0.834,3.59,125.88,2.43,5.1,Low,13.73,99.07,96.2,-0.031,104.13,48.11,Positive,82.38
2023-05-12,9.77,-0.248,-0.449,-0.272,-0.024,4.8,115.68,3.72,6.99,Low,5.5,107.98,95.26,-0.045,119.77,67.43,Negative,5.14
2023-04-27,9.71,0.103,-0.859,0.734,0.433,4.34,83.59,0.68,6.92,Low,6.44,100.38,95.26,0.039,91.32,69.77,Negative,33.05
2022-11-12,9.31,0.263,0.25,0.094,0.446,2.67,106.21,0.45,3.96,Low,5.17,104.47,101.55,0.033,99.48,41.08,Negative,29.99
2022-07-23,6.66,-0.003,0.074,-0.168,0.086,2.52,76.94,2.73,3.54,Low,5.91,106.27,95.51,-0.025,109.37,52.95,Neutral,79.53
2023-03-30,7.12,0.071,0.264,-0.771,0.718,2.39,76.19,-0.08,6.87,Low,12.91,106.57,104.79,0.011,109.75,46.24,Neutral,50.24
2023-10-06,5.83,0.182,-0.064,-0.131,0.742,4.71,126.68,3.96,5.91,Low,11.65,106.49,102.69,0.028,111.27,69.27,Neutral,38.67
2023-04-05,8.3,-0.111,0.273,-0.943,0.337,3.46,108.29,1.53,5.28,Low,0.74,103.5,100.94,-0.013,106.61,46.61,Positive,13.21
2023-09-17,5.79,0.124,0.549,-0.192,0.015,2.64,97.79,3.36,6.77,Low,6.88,93.65,99.18,0.049,107.31,50.64,Negative,11.91
2023-04-12,7.13,-0.364,0.764,-0.987,-0.869,2.11,103.4,3.19,3.93,Low,7.89,108.28,96.02,0.006,108.48,63.81,Positive,58.18
2023-08-03,5.6,-0.019,-0.244,0.549,-0.363,4.84,74.61,0.47,6.24,Low,10.49,95.13,95.1,0.042,96.45,41.13,Neutral,96.99
2022-05-27,7.13,-0.393,-0.632,0.152,-0.698,2.35,87.39,-1.44,3.91,Low,8.55,92.93,97.39,0.035,108.73,40.82,Positive,69.29
2023-06-27,6.73,0.346,0.447,0.867,-0.276,4.64,82.56,3.03,3.32,Low,5.77,103.15,98.29,0.032,100.51,51.4,Positive,40.38
2022-05-10,7.84,-0.321,-0.985,0.443,-0.422,2.78,94.68,-0.39,6.87,Low,9.7,93.79,100.21,0.007,105.19,49.73,Positive,8.77
2022-10-01,4.79,-0.015,-0.54,0.873,-0.378,2.35,96.26,-0.2,3.28,Low,10.99,104.59,103.89,-0.012,95.74,48.89,Negative,31.52
2023-09-30,4.0,0.395,0.245,0.727,0.215,4.58,128.72,-0.56,3.04,Low,0.31,107.38,103.19,0.029,105.13,54.67,Positive,36.93
2022-09-20,3.36,-0.245,-0.161,-0.818,0.243,3.45,115.77,3.22,3.81,Low,2.4,95.64,100.83,0.031,106.04,48.85,Positive,19.07
2022-12-05,5.69,-0.258,-0.811,0.276,-0.238,3.05,127.38,0.43,6.49,Low,14.96,99.48,96.6,-0.004,95.87,42.82,Neutral,91.03
2023-11-20,4.43,0.013,0.274,0.402,-0.638,4.96,126.03,3.21,5.22,Low,13.48,105.2,98.78,0.022,119.91,47.66,Positive,69.69
2022-08-12,3.56,-0.222,-0.347,0.154,-0.473,4.19,95.62,3.48,3.84,Low,10.39,105.31,98.65,-0.044,110.81,66.28,Negative,96.62
2023-05-16,5.26,-0.395,0.265,-0.912,-0.539,3.94,94.98,-0.3,4.35,Low,9.86,107.18,99.6,0.023,107.41,67.46,Neutral,15.65
2023-08-18,3.6,-0.482,-0.802,0.13,-0.775,3.2,119.05,-0.45,5.08,Low,3.05,102.22,104.56,-0.034,117.5,69.08,Positive,70.1
2023-09-24,3.6,0.093,0.087,0.691,-0.5,4.65,80.77,3.28,3.69,Low,2.57,90.56,95.92,0.004,90.65,41.28,Positive,38.11
2023-07-29,4.0,0.447,0.981,0.013,0.346,3.11,81.12,3.0,6.66,Low,1.77,101.06,95.45,0.022,103.75,43.5,Neutral,10.65
2023-11-06,3.66,-0.163,-0.701,0.099,0.113,2.24,93.28,1.68,4.04,Low,0.59,104.58,102.22,-0.036,117.29,49.54,Positive,25.28
2022-08-01,3.78,0.271,0.264,-0.294,0.843,4.53,75.71,-1.52,4.65,Low,1.0,90.04,98.44,-0.027,99.37,56.37,Negative,56.99
2023-06-02,4.96,-0.603,-0.333,-0.957,-0.519,4.35,122.03,2.99,4.35,Low,10.74,101.88,95.38,0.022,111.19,46.68,Negative,84.06
2023-09-11,2.43,0.156,-0.155,0.198,0.425,4.95,129.17,3.41,4.9,Low,6.73,99.67,95.68,-0.043,107.71,50.16,Neutral,51.63
2023-04-14,4.44,0.656,0.299,0.939,0.731,4.04,100.01,2.5,5.22,Low,10.19,102.4,97.72,-0.042,103.07,40.91,Negative,29.54
2023-12-12,4.51,-0.349,-0.34,-0.509,-0.198,2.8,115.41,-1.18,3.02,Low,7.11,107.78,96.38,0.014,91.59,56.87,Negative,2.44
2022-12-16,7.18,0.601,0.809,0.089,0.905,4.88,116.13,-0.49,5.03,High,11.5,94.97,103.25,-0.001,118.87,69.95,Positive,95.92
2023-08-04,2.98,-0.086,-0.203,-0.372,0.319,2.86,123.74,1.32,6.75,Low,9.81,109.59,103.49,-0.033,101.28,60.81,Positive,53.73
2023-03-21,4.06,-0.09,0.358,0.243,-0.87,2.28,110.04,2.47,4.71,Low,9.4,90.77,101.75,-0.04,105.96,54.09,Negative,49.33
2023-09-23,2.95,0.462,0.256,0.889,0.242,4.36,89.67,2.55,5.85,Low,0.7,108.66,104.77,0.033,116.21,40.14,Neutral,12.37
2023-01-31,2.41,0.426,0.69,0.652,-0.063,4.24,122.9,-1.8,3.9,Low,5.64,108.19,100.06,-0.038,116.18,44.8,Positive,98.14
2022-01-28,2.08,0.333,0.426,0.963,-0.39,2.66,103.64,2.11,4.13,Low,11.67,104.02,100.58,0.035,107.1,53.35,Negative,86.32
2023-06-19,2.77,0.025,0.3,-0.027,-0.197,4.03,92.29,-0.31,5.89,Low,9.04,99.66,95.21,-0.022,90.97,49.2,Negative,78.38
2023-05-13,4.26,-0.291,0.929,-0.987,-0.815,2.16,105.44,-1.25,4.84,High,12.81,108.75,103.45,-0.029,114.79,60.31,Neutral,12.23
2023-12-30,5.32,-0.013,-0.009,-0.243,0.213,2.32,114.5,1.12,6.09,High,5.26,95.05,100.66,0.001,92.16,44.49,Negative,33.01
2023-11-23,3.77,-0.183,-0.79,0.685,-0.445,3.14,78.17,2.14,5.28,Low,0.49,97.25,98.3,-0.019,117.4,41.51,Negative,16.43
2023-12-21,5.0,-0.046,-0.714,-0.086,0.663,2.19,87.24,-0.19,3.66,High,12.56,103.44,97.25,-0.035,114.57,65.88,Negative,97.51
2023-01-27,2.04,-0.035,-0.439,0.9,-0.566,3.09,118.57,2.55,3.86,Low,4.04,98.93,98.45,-0.003,94.37,44.46,Positive,24.1
2022-08-17,2.41,-0.38,-0.691,-0.482,0.034,4.37,129.67,-1.77,3.34,Low,3.79,91.67,99.09,-0.03,113.38,58.88,Negative,95.1
2023-06-03,3.26,-0.232,-0.068,-0.392,-0.235,3.52,100.19,1.06,5.79,Low,9.96,98.17,98.78,0.047,106.66,44.88,Neutral,1.74
2022-11-26,6.68,-0.15,-0.305,-0.59,0.446,3.11,80.17,1.92,5.16,High,12.68,106.56,101.97,-0.045,109.71,53.34,Neutral,61.73
2023-08-01,2.72,-0.646,-0.966,-0.448,-0.524,2.58,102.22,2.85,4.6,Low,1.59,92.35,101.21,-0.028,97.83,55.55,Neutral,18.57
2023-06-22,3.45,-0.055,0.221,0.004,-0.389,3.96,108.71,3.25,4.23,Low,2.61,92.94,97.86,-0.04,94.0,62.6,Negative,52.83
2023-02-16,2.84,-0.364,-0.451,-0.107,-0.533,2.72,106.49,1.68,4.13,Low,14.12,104.44,99.18,0.021,94.37,46.31,Positive,42.72
2022-10-30,3.18,0.294,-0.236,0.685,0.433,3.0,91.72,1.11,6.25,Low,10.2,93.59,101.09,0.036,100.04,65.05,Neutral,0.48
2023-12-19,6.34,-0.146,-0.551,0.638,-0.526,4.42,72.58,0.12,5.53,High,4.49,97.77,96.7,0.03,114.56,52.48,Positive,61.59
2022-09-12,2.19,-0.293,0.336,-0.985,-0.231,2.23,92.53,1.71,3.71,Low,14.68,109.79,100.61,0.049,108.16,55.57,Positive,59.81
2022-03-25,2.95,-0.494,-0.217,-0.506,-0.76,4.47,129.83,1.96,3.51,Low,5.32,100.64,95.07,-0.003,100.06,58.27,Neutral,52.4
2022-09-28,2.01,-0.324,-0.799,-0.275,0.103,2.8,76.96,0.31,5.1,Low,2.64,107.78,103.61,-0.021,100.08,64.79,Negative,32.96
2022-01-03,4.48,-0.125,0.395,-0.094,-0.675,4.37,103.43,0.86,5.23,High,5.75,105.91,102.22,-0.017,92.11,65.08,Positive,87.62
2023-07-14,4.9,-0.015,0.501,0.427,-0.973,3.63,121.51,3.0,4.87,High,10.02,106.33,95.12,-0.043,107.97,57.33,Neutral,37.57
2023-02-14,2.69,0.377,0.964,0.92,-0.754,3.96,77.85,-1.14,5.09,Low,10.93,97.06,102.19,-0.003,110.65,45.07,Neutral,20.11
2023-09-13,1.7,0.201,0.362,0.364,-0.124,3.3,74.91,-0.44,3.39,Low,6.65,100.87,104.36,0.017,104.85,64.29,Negative,85.32
2023-11-25,5.63,-0.117,0.198,-0.325,-0.224,4.26,99.94,3.08,3.77,High,11.56,95.2,99.17,0.021,96.52,48.92,Negative,7.95
2022-11-28,5.34,0.383,0.112,0.309,0.729,4.58,97.76,1.31,4.01,High,2.53,103.28,99.59,-0.046,108.77,67.4,Positive,26.74
2022-08-02,1.7,-0.881,-0.907,-0.898,-0.838,4.73,125.3,-1.16,3.53,Low,8.38,93.04,97.32,-0.049,109.73,60.15,Negative,75.71
2022-12-26,2.3,0.35,-0.745,0.99,0.805,3.24,108.75,1.0,5.91,Low,10.66,95.33,102.84,0.026,92.42,45.64,Negative,61.51
2022-08-13,2.03,-0.398,-0.703,-0.623,0.131,3.33,114.91,0.06,3.98,Low,11.24,99.86,98.01,-0.034,92.27,46.38,Neutral,18.52
2023-08-05,2.44,-0.262,-0.637,0.062,-0.21,2.2,114.36,3.48,5.2,Low,5.55,106.47,103.87,-0.003,117.15,66.15,Negative,24.55
2022-06-22,2.01,0.144,0.274,-0.693,0.852,3.39,98.84,0.22,5.94,Low,0.79,102.61,96.5,-0.015,98.16,49.59,Positive,30.44
2022-07-17,1.93,-0.514,-0.276,-0.422,-0.845,3.04,95.84,2.63,6.93,Low,7.57,96.59,104.42,-0.009,112.36,52.12,Negative,55.18
2023-06-17,2.12,-0.015,0.181,0.648,-0.875,4.26,103.26,2.6,5.74,Low,6.55,106.64,100.28,-0.038,104.97,57.58,Negative,39.61
2023-05-19,2.12,0.039,0.872,-0.044,-0.711,3.48,124.65,3.81,6.82,Low,7.2,104.55,103.4,-0.045,99.09,44.9,Positive,34.24
2023-09-21,1.33,-0.131,-0.453,-0.932,0.993,3.21,89.89,-0.27,4.14,Low,9.09,91.59,100.29,0.035,114.71,68.14,Positive,79.77
2022-12-30,2.62,-0.696,-0.751,-0.52,-0.818,3.15,103.8,-1.18,5.71,Low,1.49,98.04,97.36,0.041,118.55,61.8,Negative,85.49
2022-06-27,1.96,0.396,0.682,0.213,0.294,3.92,100.98,-1.48,3.49,Low,3.97,91.48,103.66,-0.015,91.64,52.16,Negative,59.89
2023-11-04,2.3,0.17,0.936,0.313,-0.738,3.33,92.48,3.72,6.53,Low,11.89,106.13,100.09,-0.04,115.15,59.51,Negative,77.77
2023-03-29,2.35,0.267,-0.649,0.771,0.679,4.97,114.72,3.35,6.17,Low,5.12,91.8,99.87,0.047,94.5,48.5,Positive,56.19
2023-01-02,3.27,-0.407,-0.861,0.04,-0.401,3.6,112.15,1.08,3.81,High,4.08,108.98,101.68,-0.018,103.5,65.5,Positive,41.64
2023-06-04,2.96,0.073,-0.145,-0.521,0.886,3.7,116.0,-0.33,5.7,Low,5.89,99.76,101.22,0.034,97.96,57.62,Positive,84.49
2023-01-18,1.37,-0.25,-0.753,0.383,-0.381,4.31,110.67,-1.19,4.29,Low,8.13,90.39,100.59,0.028,114.24,41.27,Neutral,43.88
2023-09-18,1.04,-0.01,0.13,-0.53,0.371,3.13,79.87,0.12,3.36,Low,12.66,105.17,103.55,-0.049,106.56,47.84,Neutral,98.35
2022-10-04,1.17,-0.093,0.812,-0.12,-0.971,2.6,122.92,2.44,4.5,Low,9.65,93.24,98.86,0.049,106.68,43.43,Negative,34.11
2022-01-23,1.2,-0.135,0.295,-0.11,-0.589,2.04,125.68,-1.89,4.61,Low,1.62,105.0,100.47,-0.017,114.51,44.92,Positive,86.99
2023-01-05,1.77,0.215,0.79,-0.812,0.666,2.99,80.3,-0.49,5.97,High,10.06,108.36,102.63,0.021,94.91,41.5,Negative,90.77
2022-03-22,1.37,-0.523,-0.548,-0.22,-0.802,2.67,86.54,1.0,3.36,Low,4.57,107.65,104.45,0.038,107.33,47.65,Neutral,80.56
2023-08-16,1.07,0.467,0.912,0.757,-0.269,2.6,109.22,1.09,3.85,Low,6.27,101.92,103.51,0.003,114.4,52.78,Positive,63.64
2023-06-20,1.19,0.042,0.601,-0.111,-0.366,3.77,97.4,2.39,6.97,Low,10.07,98.48,101.02,0.015,107.11,51.09,Negative,55.32
2022-10-18,0.87,-0.326,-0.796,0.591,-0.773,3.99,88.05,1.53,6.01,Low,4.99,92.48,103.69,-0.013,102.09,47.98,Neutral,59.4
2022-07-20,1.07,0.31,0.992,-0.378,0.316,2.04,91.89,3.27,5.62,Low,12.15,106.49,100.2,-0.011,92.36,51.94,Neutral,65.34
2023-03-07,1.41,0.632,0.936,0.075,0.885,2.27,116.11,0.56,3.95,Low,14.84,95.12,95.4,-0.027,103.69,56.91,Neutral,9.16
2023-03-16,1.52,-0.534,-0.556,-0.397,-0.65,4.05,86.22,-1.55,5.85,Low,6.35,109.44,95.69,0.02,92.6,44.25,Positive,14.18
2023-11-05,2.02,0.588,0.311,0.78,0.674,3.06,120.99,1.32,3.22,Low,7.47,101.53,103.1,-0.038,108.06,68.27,Negative,80.06
2022-04-18,2.02,-0.067,0.26,-0.321,-0.141,3.97,121.65,3.9,3.78,Low,6.35,106.57,103.05,0.047,119.75,60.17,Positive,90.01
2022-03-07,2.03,0.381,0.736,0.19,0.219,2.15,125.71,3.55,3.49,Low,1.6,98.5,103.04,0.042,103.54,40.04,Negative,11.97
2023-02-21,1.62,-0.109,0.442,-0.959,0.19,3.17,126.46,2.09,3.31,Low,7.48,104.62,95.31,0.028,102.81,40.98,Negative,3.04
2023-10-21,1.64,-0.109,0.184,-0.452,-0.058,2.53,70.85,0.7,3.56,Low,13.29,93.88,99.75,-0.006,114.87,48.93,Positive,15.8
2022-07-01,2.5,-0.306,-0.493,-0.68,0.257,4.23,91.56,-1.5,6.02,High,7.38,90.6,96.46,0.013,104.24,51.8,Neutral,79.71
2022-09-04,1.38,0.275,0.94,-0.068,-0.047,3.02,124.69,1.97,6.07,Low,14.16,95.65,96.44,0.032,112.43,49.62,Negative,50.32
2022-03-08,1.71,-0.255,-0.757,-0.753,0.746,4.07,116.78,0.17,6.12,Low,4.07,91.47,104.03,0.001,111.62,61.14,Positive,20.73
2022-11-05,2.01,0.121,-0.03,-0.575,0.967,3.93,109.78,-0.47,6.87,Low,13.1,96.15,96.53,-0.017,98.8,55.38,Negative,17.57
2022-07-13,3.38,0.246,-0.587,0.351,0.975,2.7,86.14,-0.4,4.06,High,14.17,100.63,95.25,-0.036,91.26,51.01,Positive,51.12
2023-01-20,1.82,0.662,0.556,0.544,0.887,4.06,72.56,2.87,3.46,Low,13.64,98.37,104.92,0.014,103.65,43.32,Neutral,47.97
2022-02-25,2.27,-0.198,-0.568,0.598,-0.624,4.75,80.18,1.72,3.88,Low,6.65,101.87,96.57,-0.002,118.4,48.67,Negative,94.31
2023-07-09,3.48,-0.199,0.745,-0.412,-0.929,4.78,99.92,2.05,6.24,High,9.85,96.35,97.16,-0.027,111.5,58.83,Positive,32.71
2022-05-06,2.33,0.007,0.084,-0.403,0.341,4.17,75.61,-0.25,3.17,Low,7.19,105.35,97.2,-0.021,114.16,69.99,Negative,82.36
2022-05-29,3.2,-0.148,0.654,-0.226,-0.873,2.25,78.1,0.41,5.59,High,9.48,104.32,97.68,-0.008,100.1,45.14,Positive,18.33
2023-05-14,2.91,-0.16,-0.269,-0.292,0.08,4.61,85.9,0.75,3.76,High,14.36,101.93,96.02,0.004,98.36,64.47,Positive,89.76
2022-05-16,2.15,-0.376,-0.65,0.315,-0.793,2.07,85.12,1.2,4.22,Low,12.63,103.12,96.71,-0.013,117.92,42.56,Negative,45.89
2022-01-31,1.35,0.356,0.077,0.021,0.97,3.44,79.38,2.1,3.17,Low,5.55,107.33,104.43,-0.002,106.33,40.32,Positive,14.98
2022-06-26,1.7,0.371,-0.68,0.976,0.818,2.45,76.42,-1.98,5.16,Low,11.83,101.92,101.29,-0.039,100.72,58.49,Positive,61.52
2022-02-20,1.5,0.18,0.934,0.197,-0.591,3.45,71.94,-1.13,3.5,Low,12.5,99.21,99.82,-0.013,93.51,49.42,Negative,96.81
2022-10-22,1.32,0.223,0.645,0.203,-0.18,3.44,83.71,3.64,6.13,Low,11.69,94.69,103.51,-0.037,92.47,59.43,Positive,46.67
2023-05-21,2.12,-0.239,-0.667,0.675,-0.726,3.81,115.57,3.5,3.93,High,12.75,95.67,95.61,-0.024,107.33,41.6,Negative,41.79
2022-11-16,1.35,-0.198,-0.846,-0.372,0.623,4.45,111.2,1.4,5.17,Low,3.44,90.13,102.85,0.011,99.87,44.26,Neutral,32.9
2023-07-28,0.97,0.481,0.819,0.392,0.231,4.72,87.91,-0.84,5.69,Low,4.37,98.48,98.66,-0.048,112.02,62.79,Neutral,50.7
2023-10-25,1.0,0.488,0.366,0.229,0.868,3.81,95.88,2.95,4.46,Low,3.89,107.76,104.72,0.04,96.03,53.46,Neutral,20.58
2023-01-15,1.79,-0.415,0.684,-0.946,-0.982,2.1,101.05,-0.41,3.69,High,10.76,96.24,96.94,-0.042,98.67,64.89,Positive,28.27
2022-05-31,1.63,0.067,-0.244,0.801,-0.355,2.7,120.41,1.74,6.29,Low,14.48,105.5,100.29,0.029,112.13,52.16,Positive,16.9
2022-10-03,1.05,0.408,0.11,0.926,0.188,2.01,92.9,-0.66,6.6,Low,6.46,91.81,100.65,0.035,95.43,65.34,Neutral,35.02
2022-11-06,1.34,-0.576,-0.529,-0.789,-0.411,3.17,127.03,1.96,6.29,Low,7.32,96.19,104.39,-0.014,92.63,59.97,Neutral,31.62
2023-08-20,1.05,0.055,0.954,-0.249,-0.54,3.14,95.22,2.85,6.05,Low,8.76,94.12,103.28,0.025,112.75,47.94,Neutral,80.63
2022-01-20,0.81,-0.508,-0.806,0.227,-0.944,4.77,71.5,3.67,3.88,Low,12.72,94.31,104.03,0.047,98.95,64.65,Neutral,69.66
2023-11-07,0.98,-0.574,-0.904,-0.57,-0.249,2.03,120.35,0.01,6.37,Low,4.42,101.38,96.73,-0.02,105.86,50.05,Neutral,1.36
2022-12-13,1.32,-0.453,-0.851,0.365,-0.872,2.76,87.46,3.59,6.94,Low,11.82,94.21,102.03,0.023,103.04,43.27,Positive,92.0
2023-04-23,1.44,0.287,-0.121,0.397,0.585,2.53,116.41,1.6,5.68,High,5.2,94.36,100.96,0.05,109.29,44.48,Negative,61.0
2023-09-14,0.8,0.336,0.109,-0.07,0.969,4.61,70.51,2.37,5.82,Low,1.36,94.7,96.35,0.002,114.76,58.64,Negative,63.8
2023-06-14,1.15,-0.731,-0.951,-0.813,-0.428,3.89,85.66,3.03,3.2,Low,11.98,104.79,98.53,0.023,106.49,51.11,Negative,69.95
2023-10-17,0.91,0.111,0.836,-0.873,0.371,4.23,110.08,1.9,6.02,Low,1.58,100.21,102.57,-0.009,98.3,64.55,Positive,24.94
2023-11-01,1.22,-0.553,-0.311,-0.526,-0.823,4.97,120.41,1.06,4.77,Low,9.4,98.78,97.27,0.002,106.75,43.23,Neutral,84.02
2022-04-04,1.42,-0.242,0.403,-0.796,-0.333,4.37,112.69,2.37,3.59,Low,2.28,101.89,102.18,-0.01,90.83,54.14,Neutral,91.52
2022-08-08,1.06,-0.13,-0.934,0.198,0.345,4.93,111.45,-1.08,6.62,Low,11.01,93.11,98.08,0.023,117.43,65.69,Positive,17.36
2023-11-15,1.15,-0.44,-0.286,-0.83,-0.205,4.08,113.59,0.37,5.08,Low,1.09,109.11,104.14,0.011,99.24,50.36,Neutral,70.56
2022-11-30,2.77,-0.032,-0.409,-0.143,0.457,4.64,100.81,2.67,3.07,High,4.43,109.78,103.21,-0.031,99.48,66.37,Negative,87.16
2022-04-28,1.32,0.096,-0.043,0.318,0.013,3.34,113.06,-0.08,5.28,Low,4.27,94.5,99.92,-0.023,99.2,55.87,Positive,73.19
2023-07-02,1.85,0.257,0.972,-0.02,-0.183,3.96,84.87,0.88,5.28,High,5.66,97.31,97.12,0.028,101.43,45.85,Neutral,63.98
2022-10-09,1.25,0.568,0.644,0.214,0.848,3.71,86.58,0.5,4.78,Low,2.03,107.73,95.26,-0.008,109.85,48.19,Positive,75.99
2022-03-29,1.32,0.03,0.588,-0.571,0.073,2.44,115.82,2.88,6.51,Low,13.7,105.52,97.24,0.045,101.9,68.07,Negative,96.56
2022-02-02,1.09,0.015,-0.029,-0.38,0.455,4.78,94.04,3.88,4.82,Low,7.37,92.14,98.76,0.037,111.22,65.94,Neutral,44.07
2022-12-02,1.3,-0.268,-0.672,-0.838,0.707,2.87,91.54,2.03,5.37,Low,13.88,97.84,102.62,0.033,90.6,49.28,Positive,35.43
2022-11-27,2.4,-0.242,-0.093,-0.429,-0.204,3.28,99.96,0.72,5.86,High,2.13,100.92,99.49,-0.022,108.08,64.25,Positive,34.71
2022-06-11,1.48,-0.06,-0.301,-0.228,0.348,2.74,79.35,1.98,4.4,Low,12.41,90.8,95.49,-0.038,102.62,41.8,Negative,10.94
2023-02-11,1.38,0.234,0.257,0.544,-0.099,2.28,119.98,2.01,6.6,Low,3.2,91.33,104.03,0.016,103.41,60.43,Negative,86.71
2022-12-20,2.4,-0.093,-0.35,0.074,-0.004,4.78,79.2,1.68,5.99,High,2.36,94.19,103.06,-0.005,116.11,56.0,Negative,9.58
2023-03-03,1.62,0.381,0.994,-0.736,0.885,4.29,125.04,-1.38,5.65,Low,3.47,92.25,101.22,-0.049,118.17,51.41,Negative,71.82
2023-03-01,1.29,-0.163,-0.176,-0.934,0.622,4.34,105.04,-0.86,3.71,Low,11.82,99.7,96.79,-0.004,112.99,60.32,Neutral,57.66
2023-10-04,0.83,0.51,0.164,0.414,0.95,2.25,89.33,-1.88,6.79,Low,6.77,96.51,101.61,-0.013,111.05,44.72,Negative,6.66
2023-03-18,1.23,-0.334,0.553,-0.977,-0.578,4.75,81.59,-0.28,4.76,Low,8.32,98.03,104.24,0.045,102.2,41.04,Positive,15.1
2023-12-16,1.68,-0.424,-0.887,-0.724,0.341,4.21,77.42,-0.96,6.92,High,0.14,98.14,101.79,-0.023,92.63,57.87,Negative,64.12
2023-06-18,1.22,-0.546,-0.837,-0.845,0.043,2.89,91.56,3.3,4.15,Low,9.54,92.99,103.64,0.013,110.38,41.16,Positive,53.01
2023-05-03,1.03,-0.313,-0.811,-0.858,0.729,2.78,84.13,3.91,3.57,Low,4.52,101.25,103.06,-0.025,114.55,49.77,Neutral,39.76
2022-12-14,0.9,-0.222,-0.733,-0.918,0.985,3.36,118.71,1.84,6.38,Low,12.23,109.75,103.0,0.011,90.78,69.73,Negative,74.42
2022-01-08,0.91,-0.129,-0.773,-0.005,0.392,4.88,125.3,1.24,6.08,High,5.66,95.2,101.48,-0.032,111.02,42.08,Positive,75.84
2023-05-27,0.71,-0.337,-0.846,-0.477,0.313,3.02,73.61,-0.38,6.45,High,2.92,90.23,101.28,-0.024,92.76,46.31,Positive,11.81
2022-01-14,0.73,-0.456,-0.177,-0.55,-0.639,3.41,123.91,1.07,5.96,High,0.2,100.88,103.15,0.033,116.85,52.83,Neutral,94.0
2022-05-25,0.63,-0.282,-0.477,-0.381,0.013,3.37,114.02,2.22,4.69,Low,4.88,103.6,100.62,0.003,95.69,43.54,Negative,85.12
2022-03-15,0.57,-0.038,-0.282,-0.647,0.816,2.73,119.66,-0.73,5.48,Low,3.43,94.49,101.0,0.031,104.39,60.44,Neutral,64.81
2023-11-11,0.58,-0.137,0.921,-0.789,-0.544,4.71,84.67,1.45,3.18,Low,8.83,109.11,99.21,-0.045,113.51,67.34,Neutral,38.32
2023-06-12,0.5,0.128,-0.112,0.92,-0.425,3.03,87.48,3.29,3.06,Low,2.47,92.28,104.24,-0.018,111.67,66.67,Neutral,28.31
2023-04-25,0.6,0.096,-0.39,0.464,0.215,4.74,122.87,3.83,4.3,Low,0.24,99.56,103.49,-0.004,100.23,56.8,Negative,76.91
2023-03-10,0.52,-0.144,-0.381,-0.451,0.4,3.51,124.07,2.26,3.14,Low,10.62,96.15,98.32,0.03,108.34,48.54,Neutral,83.29
2023-03-28,0.51,0.116,-0.237,0.038,0.547,4.43,95.98,3.9,5.47,Low,11.68,109.5,96.18,-0.011,112.96,47.15,Neutral,86.89
2022-09-01,0.32,0.134,0.636,0.239,-0.475,4.64,127.49,-0.01,4.91,Low,12.32,109.29,104.62,0.024,110.04,48.38,Positive,99.48
2022-05-19,0.6,-0.625,-0.978,-0.872,-0.025,4.32,102.08,1.51,6.12,Low,13.72,98.18,98.0,0.04,91.86,65.3,Negative,0.56
2022-12-25,0.76,0.161,0.662,-0.181,0.002,2.21,116.93,-1.65,3.83,High,6.6,106.2,104.01,0.022,116.16,63.17,Neutral,45.15
2023-02-15,0.47,-0.321,-0.729,0.092,-0.327,3.92,120.12,0.19,3.67,Low,2.52,94.1,95.67,0.022,116.75,47.26,Neutral,0.15
2023-11-16,0.53,0.06,0.556,-0.732,0.357,3.45,82.58,2.45,6.26,Low,11.4,93.75,98.56,-0.025,104.86,67.05,Positive,96.23
2022-02-08,0.48,0.352,0.275,-0.192,0.973,2.3,77.67,2.75,6.75,Low,0.37,96.98,100.68,0.031,116.5,50.31,Positive,1.57
2022-08-23,0.39,0.1,0.37,0.518,-0.588,2.91,90.92,2.7,4.6,Low,7.37,106.91,100.62,-0.006,97.21,60.3,Negative,43.55
2023-05-30,0.5,-0.269,-0.365,-0.165,-0.276,2.76,106.22,2.89,4.06,Low,11.95,104.32,104.43,-0.048,100.77,47.6,Negative,51.04
2022-08-14,0.45,0.432,0.056,0.513,0.728,3.13,118.15,0.81,3.74,Low,1.61,96.8,98.87,-0.043,99.41,42.81,Neutral,95.13
2023-03-19,0.57,0.45,0.988,-0.315,0.677,4.13,102.06,-1.37,6.54,Low,7.32,96.44,95.53,0.012,91.2,44.6,Positive,38.95
2023-10-20,0.37,0.231,0.273,0.949,-0.53,2.11,86.94,3.44,5.84,Low,3.82,96.08,104.45,-0.013,111.6,49.16,Positive,90.43
2023-08-17,0.41,-0.527,-0.621,-0.1,-0.86,3.52,82.46,-1.54,6.59,Low,1.99,94.09,103.97,-0.048,100.2,48.4,Positive,35.94
2023-11-24,0.54,0.298,-0.23,0.535,0.589,4.56,74.16,2.45,4.32,Low,12.0,107.46,98.58,0.035,115.15,54.88,Neutral,86.0
2023-04-30,0.72,-0.332,-0.797,0.244,-0.443,3.77,112.24,3.99,5.56,High,1.14,105.97,103.14,-0.044,110.68,64.45,Neutral,0.91
2023-12-26,0.55,-0.047,0.38,-0.872,0.351,2.87,71.04,0.76,3.88,Low,13.16,95.71,98.13,0.042,111.09,43.32,Negative,26.32
2023-07-26,0.41,-0.021,-0.097,-0.053,0.085,2.14,122.46,0.58,4.47,Low,14.02,100.87,99.97,-0.044,100.06,44.23,Negative,21.31
2023-01-14,0.63,-0.324,-0.492,-0.165,-0.314,2.89,112.76,1.62,3.41,High,10.45,107.13,102.35,-0.0,108.28,41.42,Neutral,41.69
2022-11-15,0.47,0.292,-0.338,0.311,0.902,4.93,103.72,-0.4,6.33,Low,5.35,102.68,98.99,0.039,95.14,55.2,Negative,60.33
2023-09-04,0.34,0.023,0.366,-0.25,-0.046,4.06,103.62,2.09,6.47,Low,10.43,99.1,101.49,0.028,117.93,50.91,Neutral,21.26
2022-08-28,0.42,0.384,0.304,0.952,-0.104,2.05,119.85,1.83,3.53,Low,3.26,103.27,97.58,-0.048,102.55,52.51,Positive,81.93
2022-02-06,0.43,-0.3,0.695,-0.951,-0.643,2.31,104.91,-1.07,5.61,Low,8.72,98.54,98.47,0.016,115.62,69.83,Positive,79.46
2022-12-08,0.56,-0.159,0.629,-0.52,-0.587,2.9,114.59,2.72,6.91,Low,0.2,107.13,103.49,0.043,113.51,65.19,Positive,70.36
2022-10-29,0.49,0.481,0.944,0.655,-0.155,4.84,104.01,-0.83,3.24,Low,10.8,107.2,98.9,0.028,90.32,63.33,Neutral,40.86
2022-01-26,0.37,0.4,-0.116,0.468,0.85,3.29,88.83,3.11,6.59,Low,6.52,96.18,99.17,-0.001,110.02,63.78,Neutral,47.87
2023-11-09,0.5,-0.132,-0.558,0.756,-0.593,4.83,83.1,-1.69,6.6,Low,6.67,107.24,104.54,-0.038,107.92,56.85,Positive,1.42
2022-06-02,0.56,0.557,0.274,0.665,0.731,2.57,82.21,1.88,5.92,Low,12.56,102.46,101.17,0.037,116.99,47.7,Positive,67.19
2022-09-14,0.41,0.525,0.548,0.497,0.529,4.64,84.69,2.19,4.52,Low,2.83,98.34,101.83,0.022,115.22,52.45,Neutral,66.35
2022-03-06,0.73,0.138,0.593,-0.836,0.658,3.76,96.65,1.83,3.43,Low,12.58,103.35,103.33,0.024,99.98,44.5,Negative,4.4
2023-03-14,0.62,0.062,-0.46,0.36,0.285,4.33,107.23,0.63,4.34,Low,5.2,91.47,102.11,0.004,116.84,51.67,Positive,79.26
2022-04-20,0.48,0.359,0.995,0.028,0.054,2.72,116.93,-0.71,4.14,Low,9.18,104.58,99.1,0.018,116.67,48.99,Positive,33.96
2022-04-13,0.49,0.216,-0.881,0.768,0.761,3.55,74.18,3.34,4.61,Low,13.41,100.95,98.81,0.045,100.08,66.8,Negative,52.81
2023-01-10,0.66,-0.418,-0.849,-0.731,0.326,4.21,116.85,2.37,5.89,High,10.12,104.02,104.25,0.024,101.24,56.05,Negative,3.72
2023-12-27,0.44,0.053,-0.885,0.565,0.479,3.66,102.6,3.43,4.66,Low,0.4,100.85,99.39,-0.009,112.11,40.5,Positive,90.36
2022-10-20,0.23,0.43,0.141,0.436,0.713,2.31,84.21,1.9,4.26,Low,8.69,99.22,101.69,-0.039,99.65,50.88,Positive,46.31
2023-12-25,0.33,-0.173,-0.955,0.344,0.093,4.85,78.03,-0.15,6.33,Low,11.06,102.78,97.66,-0.019,116.73,60.67,Negative,79.2
2022-02-11,0.23,0.466,0.915,0.533,-0.049,4.28,106.45,1.19,5.96,Low,4.43,96.3,96.01,-0.02,107.86,54.54,Positive,1.2
2022-04-01,0.24,-0.136,-0.738,0.892,-0.562,2.1,109.73,0.53,3.02,Low,9.33,90.93,100.23,0.042,116.66,45.75,Positive,4.4
2023-08-07,0.16,0.017,-0.056,0.096,0.013,3.02,124.74,2.55,3.57,Low,12.74,107.56,96.03,-0.031,94.99,46.98,Negative,15.36
2022-04-14,0.22,-0.388,-0.655,-0.235,-0.275,3.15,95.77,0.72,5.71,Low,8.41,94.37,98.03,0.012,91.68,61.69,Positive,20.03
2022-02-28,0.16,-0.112,-0.493,0.636,-0.478,3.92,121.83,0.28,5.69,Low,5.19,91.81,99.87,-0.031,117.7,51.29,Negative,20.06
2023-04-19,0.22,0.086,0.165,0.549,-0.455,2.21,119.55,1.19,5.13,Low,10.98,106.03,98.34,0.041,119.55,44.39,Neutral,99.59
2023-11-22,0.18,0.214,0.868,-0.013,-0.214,4.86,115.64,0.9,5.09,Low,12.29,90.25,97.5,0.047,95.34,40.66,Negative,65.03
2023-10-14,0.19,0.029,0.173,0.201,-0.286,3.97,123.31,3.66,3.85,Low,4.92,91.61,104.35,0.045,103.17,43.99,Negative,8.08
2023-11-29,0.4,-0.107,0.957,-0.55,-0.728,2.75,72.74,1.08,6.66,High,5.86,108.44,98.26,-0.026,92.5,41.59,Positive,5.56
2023-07-10,0.32,-0.573,-0.202,-0.8,-0.717,3.78,121.06,-0.83,4.81,High,9.55,96.07,95.57,-0.039,116.25,65.76,Negative,20.63
2022-11-18,0.21,-0.67,-0.224,-0.949,-0.836,3.85,83.9,1.41,6.07,Low,4.0,93.19,104.97,-0.045,116.88,50.98,Positive,0.41
2022-09-05,0.17,0.331,-0.089,0.889,0.193,4.44,126.55,3.96,4.09,Low,0.61,101.01,98.67,0.004,90.74,45.57,Negative,48.94
2023-05-06,0.34,-0.857,-0.66,-0.913,-0.999,3.19,109.22,2.76,6.24,High,1.56,96.22,96.77,-0.016,101.68,43.15,Neutral,95.26
2022-09-02,0.2,0.118,0.019,0.953,-0.619,2.6,106.16,1.96,4.44,Low,13.68,94.58,99.15,-0.03,108.56,48.17,Negative,41.3
2022-12-27,0.27,-0.333,0.325,-0.68,-0.644,4.79,102.47,1.16,6.08,Low,14.14,102.61,98.84,-0.024,104.83,44.99,Positive,10.05
2022-08-10,0.17,-0.234,-0.935,0.36,-0.127,4.73,78.45,2.43,4.08,Low,9.33,103.25,102.33,0.024,90.81,56.13,Negative,32.4
2022-08-05,0.17,0.192,-0.375,0.06,0.89,3.26,128.82,0.77,5.2,Low,10.53,102.32,101.93,0.028,112.08,41.07,Negative,1.0
2022-05-01,0.33,0.551,0.998,0.431,0.224,5.0,129.91,-0.87,4.29,High,4.05,93.97,99.2,0.038,105.05,66.03,Neutral,32.93
2022-04-09,0.35,-0.399,-0.342,-0.592,-0.262,3.83,98.98,0.42,3.22,High,2.56,91.17,98.81,-0.031,98.79,60.31,Positive,10.13
2022-06-24,0.25,0.066,0.569,-0.115,-0.257,2.93,91.01,3.72,6.0,Low,5.96,109.94,104.24,-0.002,116.29,59.81,Neutral,66.09
2022-07-09,0.42,0.16,0.991,0.11,-0.621,3.75,75.95,-1.41,6.17,High,12.1,104.43,103.99,0.034,101.98,62.04,Positive,78.06
2023-02-10,0.2,-0.449,-0.457,-0.702,-0.19,4.16,107.24,2.77,4.83,Low,5.77,100.76,96.44,0.045,94.04,42.42,Positive,17.97
2022-01-11,0.25,-0.187,-0.313,-0.299,0.051,2.32,89.05,1.94,6.01,High,10.47,104.12,104.68,-0.031,114.11,66.98,Negative,18.07
2023-10-24,0.15,0.529,0.813,0.33,0.444,2.08,118.6,-0.34,6.67,Low,3.66,93.14,102.22,0.014,111.38,62.58,Positive,33.33
2022-11-03,0.16,-0.195,-0.564,0.932,-0.954,3.09,103.84,1.21,4.71,Low,11.65,97.59,98.06,0.042,109.3,60.57,Negative,30.19
2023-12-22,0.33,-0.123,0.86,-0.324,-0.906,2.42,121.09,2.72,5.62,High,12.12,95.17,103.29,-0.036,116.15,50.24,Neutral,58.46
2023-10-30,0.15,-0.007,0.179,-0.626,0.427,3.18,109.58,-1.33,4.03,Low,6.77,96.08,102.05,-0.016,103.86,47.94,Neutral,80.64
2023-06-05,0.22,0.261,0.142,0.699,-0.06,4.95,127.38,-0.62,5.81,Low,6.38,101.33,97.61,0.005,92.1,44.37,Neutral,76.2
2022-06-29,0.21,0.347,0.534,0.007,0.502,2.98,90.62,0.22,3.1,Low,0.4,102.66,104.8,-0.038,110.62,66.84,Negative,68.09
2022-07-27,0.2,-0.1,-0.1,-0.282,0.082,4.8,119.19,-1.59,4.28,Low,11.23,97.44,102.85,-0.035,113.2,58.9,Positive,84.31
2022-09-30,0.16,-0.279,-0.358,0.267,-0.745,4.72,88.76,-0.47,4.74,Low,12.22,96.76,99.03,0.013,111.71,51.9,Neutral,10.85
2023-06-24,0.29,-0.147,-0.527,-0.667,0.754,2.35,104.98,1.81,5.18,Low,13.64,108.88,95.33,0.012,95.76,62.93,Negative,7.35
2023-03-12,0.31,0.572,0.97,0.534,0.213,3.2,104.43,1.64,4.39,Low,14.14,90.76,96.34,0.001,94.36,55.53,Neutral,6.55
2023-08-19,0.25,0.249,-0.686,0.606,0.827,2.65,70.64,-1.83,6.75,Low,5.88,109.2,104.35,-0.018,105.14,68.91,Neutral,50.18
2023-03-06,0.28,0.372,-0.173,0.688,0.601,2.24,98.23,-0.04,4.38,Low,5.26,100.93,102.42,-0.029,114.62,63.93,Negative,31.37
2022-08-15,0.25,-0.006,-0.903,0.223,0.662,3.74,114.16,3.83,5.82,Low,8.8,101.41,100.16,0.0,110.62,64.42,Positive,57.41
2022-10-19,0.24,0.446,-0.06,0.57,0.827,2.44,126.14,-1.53,3.12,Low,4.43,96.13,96.52,0.043,119.5,51.38,Neutral,93.05
2023-04-13,0.34,-0.032,0.137,-0.916,0.682,2.47,108.0,3.02,5.43,Low,10.72,90.87,95.05,0.047,101.13,61.24,Neutral,62.38
2023-07-21,0.27,-0.511,0.156,-0.922,-0.768,2.24,81.26,2.53,3.28,Low,9.27,94.72,102.43,0.013,102.43,68.79,Positive,43.34
2022-02-24,0.34,-0.343,-0.115,-0.744,-0.171,4.4,102.39,0.34,5.7,Low,7.8,103.06,101.12,0.05,97.3,40.71,Neutral,54.45
2022-02-12,0.37,-0.054,-0.987,-0.111,0.937,3.88,110.8,3.86,6.47,Low,1.18,109.63,99.13,0.03,92.41,62.88,Negative,72.77
2022-02-05,0.38,-0.663,-0.638,-0.704,-0.648,3.36,92.84,3.51,3.09,Low,0.27,96.93,96.34,0.028,95.69,44.72,Negative,12.47
2023-08-31,0.33,-0.436,-0.792,0.34,-0.854,3.53,129.21,-0.94,3.37,Low,1.81,99.92,102.91,0.021,108.5,58.47,Positive,47.8
2023-06-21,0.46,-0.493,0.009,-0.565,-0.922,2.59,116.37,1.45,3.94,Low,5.14,102.91,103.88,0.014,93.83,58.28,Neutral,95.08
2023-03-09,0.44,0.211,-0.181,0.183,0.633,2.78,89.14,-1.41,6.82,Low,7.8,96.84,99.96,-0.004,102.72,62.21,Neutral,2.79
2022-07-29,0.36,0.353,0.162,0.768,0.13,3.06,94.07,-1.87,4.79,Low,2.55,106.5,101.88,0.022,112.73,51.72,Neutral,47.4
2022-08-09,0.45,0.106,-0.083,-0.136,0.537,3.62,94.22,0.33,3.71,Low,9.6,106.61,104.93,0.03,114.3,63.75,Positive,42.08
2022-06-01,0.63,-0.414,0.464,-0.847,-0.858,2.62,96.69,2.38,6.44,Low,13.57,99.18,96.6,-0.03,117.33,63.16,Positive,3.93
2023-12-06,0.63,-0.063,-0.887,0.033,0.666,4.66,86.1,3.17,4.75,Low,10.44,100.54,96.94,0.007,111.95,41.27,Positive,40.58
2022-06-12,0.65,0.011,-0.102,-0.213,0.347,4.79,87.48,1.71,5.38,Low,4.44,102.23,101.43,0.043,105.98,41.49,Negative,41.35
2023-08-13,0.52,0.306,0.9,-0.598,0.616,3.55,125.8,2.8,6.28,Low,5.64,108.49,98.51,-0.012,117.21,60.74,Neutral,71.76
2023-07-23,0.51,-0.052,0.044,-0.277,0.077,3.45,91.14,-1.79,4.03,Low,12.48,91.66,95.5,0.004,96.49,64.87,Neutral,27.0
2023-09-12,0.34,-0.615,-0.84,-0.646,-0.359,4.08,99.78,-1.19,6.11,Low,13.02,108.48,98.22,-0.017,102.57,44.18,Neutral,34.01
2022-10-17,0.36,-0.022,0.101,-0.197,0.031,2.32,103.08,2.21,5.21,Low,9.31,103.85,103.58,0.025,101.02,65.24,Neutral,62.65
2023-09-01,0.32,-0.208,-0.305,-0.405,0.086,3.99,129.58,3.75,5.46,Low,8.66,109.58,100.58,-0.013,96.35,51.81,Neutral,68.07
2023-05-18,0.59,0.24,0.135,-0.299,0.885,3.74,98.82,-0.02,4.53,Low,10.12,95.2,96.72,0.031,110.6,62.6,Positive,87.73
2023-10-02,0.35,-0.391,-0.943,-0.581,0.351,4.07,119.82,3.73,6.4,Low,14.16,90.64,98.37,-0.035,119.51,46.56,Neutral,67.65
2023-10-03,0.33,-0.247,0.569,-0.451,-0.859,4.36,105.61,2.28,6.23,Low,3.78,107.87,100.27,0.045,91.12,55.81,Neutral,21.53
2022-08-19,0.31,0.159,0.164,0.311,0.004,2.05,82.34,-0.77,6.85,Low,8.56,104.9,101.5,-0.013,109.07,57.93,Neutral,59.61
2022-09-25,0.34,0.116,0.619,0.575,-0.846,2.55,98.39,1.54,4.18,Low,13.41,96.46,100.6,0.019,102.86,69.42,Negative,28.52
2022-08-27,0.36,-0.08,-0.132,0.421,-0.53,2.75,99.05,1.33,5.8,Low,3.17,100.35,97.74,-0.038,97.29,57.72,Negative,57.13
2022-12-15,0.73,0.054,0.593,-0.689,0.259,4.67,123.25,3.46,3.29,High,7.47,100.55,98.75,-0.04,119.61,63.51,Positive,13.74
2023-07-25,0.31,-0.436,-0.702,0.209,-0.815,3.64,90.66,-1.4,4.77,Low,7.48,100.76,96.22,-0.027,93.22,62.46,Negative,42.29
2022-03-20,0.45,-0.43,-0.934,0.295,-0.65,2.41,122.91,1.38,6.63,Low,4.78,103.71,96.74,0.039,95.95,53.08,Negative,0.73
2022-01-07,0.5,0.622,0.537,0.827,0.501,4.81,105.71,1.53,6.55,High,1.99,107.48,98.78,-0.019,90.69,40.03,Negative,64.86
2023-09-08,0.25,-0.122,0.207,-0.347,-0.224,4.04,76.95,-1.45,3.45,Low,11.7,92.02,96.02,-0.019,98.21,40.97,Positive,4.84
2023-12-15,0.62,0.12,0.869,-0.777,0.268,3.07,94.24,0.68,4.51,High,6.97,96.34,102.29,-0.032,115.29,56.08,Negative,28.52
2022-05-03,0.44,-0.191,0.315,-0.234,-0.653,2.25,75.97,-0.54,5.01,Low,7.01,107.27,99.98,-0.045,112.61,52.29,Neutral,78.36
2022-02-26,0.32,0.057,0.77,-0.788,0.19,2.04,109.33,1.21,4.67,Low,5.72,107.27,95.48,-0.047,95.11,55.02,Neutral,14.04
2022-12-01,0.33,0.231,0.363,-0.465,0.793,2.57,119.93,-1.35,4.45,Low,11.92,107.13,102.17,-0.019,103.88,54.05,Positive,13.17
2022-09-21,0.18,0.294,0.156,-0.05,0.777,3.15,128.29,-1.28,3.01,Low,1.49,105.83,95.41,0.024,90.57,69.09,Neutral,31.33
2022-02-23,0.21,0.239,0.371,0.813,-0.465,2.66,99.45,0.21,5.93,Low,1.84,109.69,100.24,0.034,105.93,64.8,Positive,36.9
2023-05-11,0.32,-0.261,-0.546,-0.493,0.255,3.03,128.38,0.9,5.42,Low,6.18,97.39,100.61,0.02,90.89,40.6,Neutral,92.29
2022-11-09,0.28,0.174,0.398,0.893,-0.769,4.88,94.17,-0.5,3.31,Low,2.72,104.67,98.1,-0.021,96.39,52.8,Positive,17.54
2023-04-03,0.32,0.357,0.865,0.072,0.135,3.33,98.59,1.22,4.33,Low,3.98,103.02,104.12,0.029,95.44,64.2,Neutral,48.08
2023-07-08,0.43,-0.306,-0.998,0.845,-0.764,3.78,108.79,1.65,6.66,High,11.73,105.78,95.72,-0.044,115.56,60.36,Positive,54.1
2022-10-15,0.28,-0.58,-0.744,-0.418,-0.58,3.93,125.09,-1.58,5.56,Low,1.36,96.95,95.84,-0.024,92.32,49.91,Neutral,16.37
2022-08-16,0.25,0.513,0.958,0.102,0.479,3.07,128.53,2.91,6.85,Low,13.93,98.09,100.54,-0.035,93.71,49.16,Neutral,21.57
2023-08-25,0.26,-0.156,0.809,-0.64,-0.638,3.07,123.78,3.6,6.12,Low,13.78,107.48,103.74,-0.029,91.62,67.68,Neutral,99.03
2023-07-01,0.51,0.348,0.661,0.628,-0.246,4.08,75.51,-1.34,3.16,High,2.4,98.47,104.65,0.018,104.67,61.98,Neutral,46.32
2022-03-19,0.42,-0.451,0.168,-0.711,-0.81,4.07,117.57,2.24,3.56,Low,8.66,99.19,98.33,0.01,103.77,40.88,Negative,66.72
2023-02-05,0.36,-0.376,-0.032,-0.614,-0.481,2.31,120.8,3.66,6.56,Low,0.15,109.08,104.02,0.048,93.76,48.3,Negative,26.4
2022-08-22,0.3,0.281,-0.358,0.503,0.697,2.76,122.32,0.77,3.57,Low,0.54,96.8,95.87,0.019,110.39,65.16,Negative,6.61
2022-11-01,0.31,-0.186,0.024,-0.703,0.122,2.99,97.5,-1.51,6.89,Low,10.64,103.36,99.37,0.005,97.91,45.66,Negative,46.16
2023-10-12,0.25,-0.157,-0.543,0.126,-0.053,3.4,124.05,-1.89,3.6,Low,7.68,106.42,97.05,-0.029,95.57,63.74,Positive,92.72
2023-09-27,0.18,-0.127,-0.207,0.204,-0.377,2.83,90.61,0.74,5.19,Low,7.2,92.37,104.26,-0.032,97.36,53.15,Negative,88.77
2022-04-06,0.3,0.662,0.746,0.66,0.581,3.18,72.95,1.06,4.8,Low,7.92,93.15,102.89,-0.037,116.49,42.27,Positive,97.86
2022-04-02,0.33,-0.199,-0.268,0.179,-0.508,2.71,95.02,1.24,5.39,High,1.48,93.71,100.6,0.006,90.28,66.57,Negative,7.02
2022-11-13,0.31,0.524,0.808,0.689,0.074,4.38,114.52,-1.49,3.7,Low,13.32,107.63,95.1,0.022,90.07,62.48,Positive,69.04
2023-09-28,0.21,0.46,0.528,0.648,0.206,3.66,108.18,1.15,4.64,Low,4.61,94.96,96.87,-0.026,117.26,65.27,Positive,3.47
2023-01-28,0.32,0.353,0.278,0.52,0.261,2.21,78.48,1.88,4.37,Low,8.11,100.1,96.99,0.048,92.42,62.02,Positive,12.63
2023-10-27,0.31,0.244,-0.019,0.643,0.108,4.46,90.42,-1.94,3.64,Low,2.11,106.52,104.93,0.036,99.09,58.59,Positive,44.33
2023-11-27,0.9,0.691,0.904,0.951,0.217,4.18,87.97,2.05,6.79,High,5.72,101.31,99.83,-0.02,106.67,46.94,Negative,23.27
2023-02-07,0.42,0.19,-0.494,0.548,0.516,3.35,91.74,0.08,5.07,Low,9.05,95.8,98.17,-0.018,110.04,67.58,Negative,66.26
2022-11-21,0.43,0.454,0.682,0.66,0.019,4.76,79.59,0.57,6.94,Low,13.3,98.76,95.22,-0.028,102.8,48.65,Neutral,67.75
2022-06-05,0.54,-0.019,0.478,-0.333,-0.202,4.67,83.47,3.27,6.7,Low,1.24,93.73,95.92,0.025,99.41,68.41,Neutral,42.52
2023-06-29,0.41,-0.475,-0.161,-0.766,-0.497,2.99,79.49,2.08,4.28,Low,7.86,102.48,100.23,-0.025,115.58,40.52,Neutral,62.88
2023-01-08,0.7,0.301,0.329,0.23,0.344,2.03,127.61,2.73,6.32,High,6.25,98.81,95.98,0.027,105.7,59.07,Negative,18.67
2022-11-07,0.55,-0.268,-0.946,-0.436,0.577,3.05,74.59,2.32,6.61,Low,11.69,96.5,95.18,0.044,96.85,41.05,Positive,83.27
2022-11-02,0.63,-0.004,-0.121,0.436,-0.327,4.44,86.22,2.01,3.93,Low,14.92,97.97,95.61,0.011,91.19,46.0,Negative,34.52
2023-03-25,0.84,-0.393,-0.262,-0.338,-0.579,2.62,103.54,2.45,5.43,Low,10.11,97.83,99.49,-0.04,101.11,58.18,Neutral,96.26
2022-03-12,0.91,-0.069,-0.104,-0.908,0.806,4.44,96.39,3.79,4.85,Low,10.36,98.76,100.12,0.009,112.65,67.4,Positive,93.26
2022-11-11,0.86,-0.045,0.744,0.033,-0.911,2.07,99.63,1.62,4.22,Low,8.87,93.85,96.72,0.022,95.71,40.3,Neutral,83.03
2023-04-09,1.25,0.746,0.673,0.757,0.808,2.13,103.47,2.98,6.69,High,4.67,108.73,102.99,-0.035,96.93,44.67,Neutral,70.7
2023-02-23,0.83,0.057,0.343,0.507,-0.677,3.05,107.45,3.41,3.75,Low,1.22,101.55,95.95,-0.002,107.28,64.27,Negative,65.63
2022-06-17,0.87,-0.175,0.405,0.025,-0.955,4.62,86.76,3.67,5.54,Low,4.95,91.8,103.3,-0.011,97.0,64.16,Negative,20.59
2023-06-23,0.95,0.259,0.749,-0.587,0.615,4.37,121.22,-0.05,4.54,Low,12.23,97.17,102.97,-0.0,102.4,67.12,Negative,62.83
2023-05-08,1.24,0.321,0.551,0.243,0.169,2.51,116.29,0.71,4.7,Low,1.09,97.31,96.56,0.026,101.71,65.02,Positive,95.24
2022-04-16,1.4,0.23,-0.503,0.487,0.706,4.22,76.69,-0.74,3.99,High,4.16,90.3,97.2,-0.006,114.02,40.11,Negative,93.77
2023-02-17,0.99,0.408,0.089,0.479,0.655,4.06,97.35,-0.03,3.09,Low,7.21,100.74,102.91,0.049,117.39,45.46,Positive,98.25
2022-11-10,0.95,0.31,0.567,0.092,0.27,4.31,112.59,1.39,6.11,Low,5.6,109.7,98.82,-0.007,119.83,62.07,Negative,62.93
2022-09-19,0.68,-0.287,0.463,-0.763,-0.561,2.14,102.71,2.69,3.2,Low,5.68,98.33,95.9,-0.049,101.68,52.67,Positive,69.43
2022-09-26,0.72,0.096,0.285,-0.919,0.921,4.47,104.12,-0.8,4.63,Low,10.45,98.85,103.76,0.018,91.03,40.88,Neutral,75.61
2023-07-04,1.41,0.454,0.985,0.615,-0.237,2.34,89.15,3.81,6.2,High,14.81,96.9,96.18,-0.041,106.73,41.38,Positive,45.52
2023-10-19,0.6,0.043,-0.696,0.202,0.624,3.41,71.01,0.1,3.96,Low,13.18,90.28,97.14,0.033,106.25,40.03,Neutral,82.54
2023-03-24,0.78,-0.039,-0.637,0.866,-0.346,4.31,100.89,0.54,5.64,Low,11.53,104.83,104.05,-0.024,91.36,41.13,Neutral,58.27
2022-10-24,0.65,0.612,0.675,0.49,0.672,4.3,100.83,-0.6,6.06,Low,4.23,99.93,98.03,0.042,90.58,61.71,Positive,19.79
2023-09-15,0.57,0.35,-0.142,0.85,0.343,4.37,93.53,-0.96,6.98,Low,0.63,100.93,101.03,0.033,112.14,67.18,Positive,41.26
2022-05-15,1.2,-0.412,-0.018,-0.319,-0.899,2.12,117.03,3.32,6.52,High,8.84,102.52,97.6,-0.027,119.89,63.16,Neutral,97.99
2022-12-29,1.16,-0.197,-0.495,-0.599,0.502,2.41,100.82,0.99,4.69,Low,10.84,95.37,102.79,-0.05,95.24,47.46,Neutral,78.4
2023-06-11,1.02,0.096,0.103,-0.537,0.72,3.12,78.94,2.22,5.87,Low,5.1,90.65,96.45,-0.014,105.8,57.47,Neutral,83.4
2023-09-25,0.59,-0.426,-0.933,-0.105,-0.241,2.28,126.9,0.2,3.73,Low,10.77,109.49,95.48,-0.015,104.36,62.68,Neutral,14.4
2023-08-21,0.61,-0.144,0.645,-0.738,-0.34,3.8,82.01,4.0,4.66,Low,0.15,102.11,101.99,-0.033,95.48,62.73,Neutral,33.82
2023-11-12,1.06,-0.054,-0.171,-0.882,0.889,4.5,110.7,0.31,4.23,Low,3.7,102.99,101.48,-0.042,112.39,54.33,Positive,49.69
2022-07-11,1.43,-0.52,-0.588,-0.276,-0.696,3.63,97.59,3.55,4.51,High,6.07,98.69,104.19,-0.03,112.84,54.98,Neutral,3.21
2022-09-09,0.65,0.212,-0.05,-0.294,0.982,2.43,94.57,1.89,3.61,Low,8.72,99.34,104.64,0.04,99.04,65.35,Positive,86.44
2023-06-08,0.89,-0.097,-0.588,0.067,0.23,2.05,76.28,2.74,6.38,Low,4.85,95.51,98.91,-0.049,97.03,41.74,Neutral,75.27
2023-11-03,0.94,0.031,0.336,0.594,-0.838,2.58,118.42,0.99,3.34,Low,5.01,92.35,104.61,-0.027,110.35,61.55,Negative,91.26
2022-06-25,1.12,-0.367,0.096,-0.303,-0.894,2.47,81.42,3.85,5.23,Low,7.82,92.62,98.02,-0.026,104.46,69.06,Neutral,59.54
2023-02-08,0.78,-0.302,-0.788,-0.697,0.579,2.91,90.08,3.89,5.45,Low,12.64,93.88,99.7,0.036,110.85,45.47,Positive,0.77
2022-03-27,1.13,0.06,-0.221,-0.496,0.897,2.66,87.28,0.36,3.82,Low,8.64,99.85,103.17,-0.019,113.02,68.92,Positive,67.65
2022-01-13,1.39,0.287,0.672,0.27,-0.08,3.57,112.86,-1.94,4.2,High,10.39,101.8,102.66,-0.018,104.98,52.11,Neutral,62.41
2022-10-31,0.68,0.763,0.373,0.982,0.933,3.18,111.21,3.18,5.34,Low,4.03,102.59,104.06,0.016,105.7,41.18,Negative,30.37
2022-05-13,1.21,-0.093,0.78,-0.508,-0.551,4.48,100.48,-0.71,4.99,Low,4.54,94.46,101.96,0.024,95.14,56.57,Neutral,62.76
2023-02-19,1.05,-0.092,0.699,-0.838,-0.136,3.84,103.27,3.86,3.63,Low,13.39,91.63,95.33,0.028,96.38,54.79,Positive,81.0
2022-12-21,1.68,-0.532,-0.215,-0.504,-0.877,2.62,121.1,1.73,6.6,High,11.37,102.1,104.01,-0.044,96.76,49.25,Neutral,35.12
2022-03-13,1.04,-0.4,0.483,-0.727,-0.954,3.41,99.08,2.91,6.11,Low,4.08,97.53,102.54,-0.016,98.63,66.62,Neutral,45.53
2023-06-13,0.79,0.256,-0.176,0.173,0.772,4.16,81.23,1.01,5.94,Low,12.61,97.56,96.77,0.009,113.42,52.39,Neutral,10.82
2022-06-16,0.89,0.334,0.48,-0.376,0.897,3.11,83.38,-0.11,4.2,Low,11.04,104.99,102.47,-0.02,93.39,54.59,Negative,39.02
2023-11-21,1.06,-0.316,0.138,-0.141,-0.944,2.84,115.12,3.38,3.89,Low,11.6,106.69,96.25,0.047,112.38,59.31,Neutral,59.08
2022-03-31,1.14,0.301,0.811,-0.871,0.961,3.95,105.15,0.48,5.58,Low,3.23,103.17,97.05,-0.039,116.83,40.04,Neutral,69.6
2022-01-18,0.77,-0.121,-0.045,-0.3,-0.017,4.42,129.43,0.87,6.55,Low,6.08,102.51,99.26,-0.015,102.65,69.71,Positive,3.07
2023-11-10,1.23,0.491,0.279,0.218,0.975,3.21,76.52,-1.9,3.59,Low,10.41,91.09,100.0,0.04,108.45,52.56,Negative,42.36
2022-06-10,1.33,-0.43,-0.337,-0.999,0.046,3.61,113.21,-0.07,6.25,Low,7.98,107.17,104.61,-0.003,97.92,58.38,Positive,6.18
2022-10-06,1.14,-0.359,-0.212,-0.018,-0.848,3.52,88.87,1.49,4.97,Low,3.8,99.67,100.91,-0.026,98.52,66.5,Positive,22.52
2022-06-23,1.44,-0.534,-0.229,-0.444,-0.929,3.31,78.78,2.87,5.05,Low,0.58,101.11,99.58,0.015,101.83,41.56,Neutral,3.86
2023-07-03,2.33,-0.09,-0.575,0.348,-0.043,4.68,121.74,0.77,3.55,High,11.09,108.58,102.89,-0.036,110.16,60.23,Neutral,67.64
2023-10-22,1.34,-0.239,-0.289,0.507,-0.936,3.53,123.94,1.65,4.24,Low,5.48,102.31,102.4,0.039,105.78,60.79,Positive,45.35
2023-08-28,1.14,0.199,-0.172,0.212,0.556,2.47,86.45,0.16,5.75,Low,7.49,103.19,102.81,0.039,115.39,42.37,Positive,61.8
2023-04-26,1.48,-0.531,-0.308,-0.692,-0.591,3.12,74.43,3.11,3.89,Low,8.92,109.0,95.66,-0.023,100.01,40.41,Neutral,79.37
2023-10-13,1.13,0.05,0.542,-0.918,0.526,4.86,113.22,-1.44,5.42,Low,11.75,109.87,103.46,-0.023,102.96,66.24,Positive,41.53
2022-01-21,1.05,0.548,0.553,0.559,0.531,4.52,125.37,0.91,5.05,Low,5.18,90.39,103.07,-0.025,113.69,53.69,Neutral,0.15
2023-05-07,2.15,0.478,0.983,-0.126,0.576,3.0,71.94,-1.95,3.99,High,4.08,96.94,101.85,-0.029,112.8,41.12,Neutral,46.98
2022-11-19,1.85,0.656,0.179,0.874,0.916,2.01,92.91,-1.72,4.65,Low,14.54,94.23,96.69,0.02,101.82,48.46,Negative,44.29
2023-05-24,1.72,0.278,0.544,0.657,-0.366,3.54,92.47,-1.85,4.37,Low,4.41,94.17,102.49,-0.006,90.13,45.84,Positive,22.1
2023-10-09,1.13,0.388,0.266,0.96,-0.06,4.45,123.33,-0.23,6.91,Low,5.58,100.32,103.67,-0.032,113.03,50.48,Negative,50.41
2022-05-24,1.66,0.193,0.845,0.09,-0.355,2.67,86.46,-0.11,3.31,Low,3.5,102.81,95.24,-0.039,113.11,57.9,Negative,79.38
2022-03-16,1.46,-0.306,-0.144,-0.277,-0.497,2.36,84.25,1.23,4.19,Low,4.12,99.9,96.1,-0.006,111.15,65.1,Neutral,31.94
2023-07-07,2.36,0.165,0.452,0.956,-0.914,4.17,96.67,2.03,5.92,High,4.92,93.54,96.85,-0.006,103.47,66.96,Negative,64.48
2023-05-01,1.33,0.037,0.259,-0.886,0.739,2.99,75.8,0.24,6.1,Low,4.34,107.09,99.51,-0.004,117.22,43.7,Negative,49.53
2023-01-22,0.92,0.298,-0.392,0.904,0.382,4.61,115.97,-0.79,5.09,Low,13.99,99.62,99.04,-0.028,95.33,41.92,Negative,72.01
2022-04-12,1.16,0.208,0.592,-0.858,0.891,4.97,88.62,-1.96,4.62,Low,1.5,90.31,103.27,0.037,96.05,59.64,Positive,53.97
2022-07-08,1.38,-0.359,0.135,-0.588,-0.625,3.6,116.86,2.32,3.18,High,8.38,97.02,101.9,-0.046,119.08,42.76,Neutral,58.06
2022-04-03,1.22,-0.684,-0.374,-0.772,-0.907,3.91,74.75,-1.47,5.7,High,9.84,99.85,103.03,-0.013,90.76,59.04,Neutral,22.88
2023-02-13,0.74,-0.042,-0.458,-0.206,0.538,4.6,96.22,2.78,3.91,Low,0.52,98.19,100.88,-0.045,114.82,50.79,Neutral,49.98
2022-03-10,0.82,0.125,0.564,0.262,-0.45,2.36,91.13,1.03,3.42,Low,4.89,108.99,97.78,0.031,119.88,58.69,Negative,62.52
2023-07-12,1.36,-0.068,-0.123,0.918,-0.999,3.84,129.67,2.68,6.15,High,14.73,96.71,102.79,-0.013,93.09,42.64,Positive,56.85
2022-01-05,1.17,-0.504,-0.794,-0.567,-0.153,4.87,111.39,0.16,5.13,High,4.48,90.25,103.63,0.025,117.74,59.82,Neutral,15.22
2023-12-17,1.78,0.483,-0.331,0.796,0.983,2.0,104.86,2.78,6.46,High,5.87,109.11,101.5,-0.021,98.75,66.04,Negative,16.08
2023-12-05,1.44,-0.121,-0.234,-0.336,0.208,4.94,103.83,1.16,5.09,Low,7.73,102.26,95.14,-0.049,90.6,46.69,Neutral,43.45
2023-04-02,1.49,-0.068,-0.386,-0.305,0.488,2.37,74.04,3.64,4.39,High,12.56,109.73,104.96,-0.026,118.86,53.82,Positive,37.47
2022-03-30,1.15,0.284,-0.335,0.493,0.694,3.85,96.28,-0.59,4.3,Low,0.65,108.12,98.2,-0.044,93.57,68.33,Negative,85.85
2022-04-21,1.2,-0.522,-0.995,-0.382,-0.188,3.35,112.82,-1.19,3.52,Low,0.82,94.55,100.01,0.013,111.13,57.15,Neutral,81.13
2023-12-20,1.79,0.245,-0.126,0.919,-0.057,3.5,117.08,2.55,6.8,High,11.52,109.74,96.83,-0.001,116.23,61.29,Neutral,92.11
2023-02-27,1.02,0.415,-0.103,0.809,0.539,4.24,93.45,0.21,5.81,Low,0.73,108.32,99.18,0.03,119.78,43.78,Neutral,24.54
2023-04-11,0.99,0.195,-0.083,0.882,-0.215,3.2,99.59,3.15,3.68,Low,11.14,91.65,97.75,0.036,108.17,43.41,Negative,39.43
2023-10-26,0.69,-0.544,-0.419,-0.335,-0.877,3.59,71.19,-1.57,3.55,Low,10.32,109.36,99.71,0.014,118.82,60.62,Positive,20.57
2023-12-31,1.44,-0.313,-0.554,0.358,-0.742,4.31,94.44,1.36,6.11,High,4.29,94.51,100.4,-0.045,93.73,66.01,Negative,80.12
2023-02-20,0.88,0.332,0.832,-0.671,0.835,2.13,95.96,-1.93,6.64,Low,8.04,108.68,100.2,0.021,103.5,63.63,Negative,57.37
2022-01-06,0.95,-0.426,-0.418,-0.268,-0.592,3.5,109.33,3.32,4.05,High,5.32,91.58,99.5,0.027,112.75,68.36,Neutral,9.16
2023-04-06,0.91,0.211,-0.374,0.486,0.52,4.84,106.13,-1.66,5.63,Low,3.25,109.97,95.67,-0.026,100.77,54.79,Neutral,53.68
2022-11-14,0.71,-0.114,-0.346,0.726,-0.723,4.44,116.4,-1.46,6.33,Low,3.87,109.14,97.98,-0.001,105.89,60.12,Neutral,31.03
2023-07-18,0.67,0.563,0.628,0.693,0.368,4.85,96.12,-0.59,4.1,Low,13.75,92.13,103.76,-0.042,98.48,59.56,Positive,59.13
2023-03-02,0.84,-0.21,-0.301,-0.34,0.01,2.78,79.26,-0.04,6.54,Low,11.01,93.41,100.12,-0.007,118.22,57.4,Negative,92.97
2022-10-12,0.64,0.622,0.864,0.094,0.907,2.64,127.4,3.8,5.3,Low,7.35,96.02,104.23,-0.037,104.72,60.33,Positive,89.84
2023-06-10,1.09,-0.063,-0.594,0.16,0.244,4.89,96.09,3.72,6.94,Low,14.42,94.75,98.17,-0.05,96.72,62.33,Neutral,18.01
2022-10-13,0.78,-0.326,0.178,-0.905,-0.25,3.19,119.84,-0.04,6.61,Low,5.06,107.57,100.35,0.004,102.05,50.19,Negative,29.46
2023-01-03,1.45,-0.567,-0.879,-0.069,-0.753,2.27,83.71,-0.09,6.56,High,5.87,97.89,96.17,0.012,101.78,48.07,Negative,35.32
2022-09-17,0.83,-0.491,-0.747,-0.418,-0.308,4.67,107.16,0.52,4.05,Low,4.62,108.72,97.96,0.024,108.86,49.56,Neutral,29.84
2022-01-17,0.74,0.302,0.721,0.22,-0.036,4.01,120.26,-1.85,5.46,Low,1.69,108.81,96.11,0.034,105.61,50.79,Neutral,70.19
2023-08-26,0.95,0.27,0.975,-0.285,0.119,4.21,77.44,3.83,3.17,Low,7.73,96.67,103.87,-0.046,92.53,51.87,Positive,82.15
2022-07-24,1.07,0.368,0.405,-0.253,0.952,4.33,106.22,-0.1,5.33,Low,0.28,90.01,101.79,-0.048,90.11,40.05,Positive,58.51
2023-05-31,1.25,-0.223,0.757,-0.454,-0.971,2.83,115.17,-1.85,5.88,Low,12.53,102.86,100.98,0.038,100.02,47.5,Neutral,23.79
2023-05-23,1.51,-0.273,-0.741,-0.634,0.556,3.53,122.79,-1.58,4.57,Low,8.31,109.75,103.84,0.017,95.74,50.94,Neutral,17.74
2022-07-03,1.58,0.126,0.052,-0.562,0.888,3.38,81.51,3.25,5.8,High,10.85,93.11,104.74,-0.021,97.17,43.4,Positive,29.39
2023-08-14,0.8,-0.115,-0.522,0.917,-0.739,2.88,123.91,-1.48,5.7,Low,5.87,101.03,96.63,-0.015,118.74,52.47,Positive,80.04
2022-08-25,0.69,-0.236,-0.612,-0.955,0.859,4.32,75.16,3.93,3.49,Low,11.96,93.55,99.75,-0.012,112.16,45.65,Positive,79.48
2022-06-20,0.95,-0.094,0.883,-0.584,-0.582,4.33,129.44,2.27,3.73,Low,5.34,95.69,100.76,0.034,101.63,68.48,Positive,24.33
2022-11-29,2.12,0.276,-0.453,0.377,0.904,2.48,92.09,-1.95,3.7,High,1.87,103.21,97.2,0.018,113.26,65.11,Neutral,78.54
2022-01-22,0.82,-0.351,0.279,-0.482,-0.85,2.12,116.19,-0.66,3.76,Low,12.25,98.42,103.01,0.047,93.64,46.49,Positive,48.11
2023-10-23,0.73,0.346,0.934,-0.409,0.515,3.88,76.49,-0.59,5.07,Low,4.13,101.59,101.0,0.027,94.28,43.51,Neutral,65.43
2022-07-10,1.45,0.113,-0.559,-0.101,0.999,2.91,125.27,3.77,3.75,High,4.98,107.78,104.55,-0.035,92.04,63.12,Positive,89.61
2023-04-21,1.02,0.197,0.645,-0.931,0.877,4.34,127.58,2.0,3.61,Low,4.8,98.0,99.08,-0.028,92.95,65.33,Positive,36.27
2022-02-04,0.81,-0.415,0.2,-0.969,-0.476,3.93,109.99,3.09,4.68,Low,11.67,90.75,97.35,0.023,115.06,48.64,Neutral,32.31
2023-10-29,0.8,-0.043,0.045,0.248,-0.42,3.59,81.48,-0.99,3.24,Low,5.51,105.38,95.42,0.038,92.54,44.75,Negative,27.16
2023-08-09,0.62,-0.377,-0.535,0.305,-0.9,2.68,109.97,0.73,3.28,Low,5.24,91.14,103.51,-0.011,107.34,47.28,Positive,46.28
2022-01-27,0.58,0.071,0.739,-0.768,0.242,4.84,122.21,-1.01,3.93,Low,10.86,103.57,101.28,0.007,92.68,48.49,Negative,93.43
2023-04-15,0.9,0.535,0.636,0.252,0.716,3.04,104.49,0.7,4.73,High,9.51,93.04,100.45,-0.019,103.53,45.83,Neutral,10.13
2023-01-19,0.44,-0.599,-0.778,-0.127,-0.892,3.51,109.38,-1.93,5.68,Low,13.04,102.6,99.47,0.03,118.35,53.18,Neutral,91.61
2023-11-17,0.54,0.227,-0.725,0.522,0.884,3.34,92.23,3.4,3.28,Low,2.0,92.88,104.58,0.009,117.23,50.09,Negative,22.99
2022-12-22,1.07,-0.057,0.359,0.452,-0.983,4.27,83.19,-1.97,3.92,High,0.12,91.37,104.39,-0.042,114.42,46.55,Negative,70.27
2022-11-20,0.78,-0.067,0.056,-0.371,0.113,3.2,117.87,-0.83,4.87,Low,5.78,106.18,102.25,0.01,95.58,41.1,Negative,56.67
2022-08-18,0.62,0.696,0.695,0.624,0.768,2.75,82.17,1.51,6.26,Low,4.6,97.53,100.39,0.022,115.81,48.75,Positive,1.73
2022-01-25,0.62,-0.25,-0.279,-0.721,0.251,3.51,75.11,0.41,6.29,Low,10.86,97.35,100.19,-0.012,110.03,50.56,Negative,79.08
2023-12-28,1.09,0.397,-0.026,0.409,0.807,3.48,129.56,-0.55,4.21,Low,0.7,104.94,102.64,-0.018,104.96,69.89,Neutral,59.83
2023-09-02,0.72,-0.15,-0.054,-0.59,0.193,4.15,101.88,-1.74,3.15,Low,12.81,90.88,100.56,0.028,91.39,42.56,Negative,40.9
2022-05-23,1.0,0.314,0.495,0.767,-0.319,4.02,108.85,3.22,4.58,Low,9.38,104.67,103.78,-0.001,95.9,58.06,Neutral,27.54
2023-02-09,0.73,-0.092,-0.573,0.104,0.191,4.66,95.38,2.64,5.85,Low,8.86,94.01,102.49,0.046,104.98,50.05,Negative,50.77
2023-03-20,0.7,-0.272,-0.316,-0.033,-0.467,4.55,90.32,-0.53,4.18,Low,6.18,109.88,99.33,0.01,102.16,43.69,Negative,88.43
2022-01-04,0.94,0.463,0.573,0.803,0.014,4.06,108.42,-0.61,4.7,High,8.09,102.41,104.53,-0.03,90.26,64.64,Neutral,0.21
2023-01-16,0.54,0.191,-0.653,0.359,0.868,2.64,92.12,-0.72,5.33,Low,1.57,99.12,96.83,-0.027,91.68,53.87,Positive,74.33
2023-01-24,0.54,0.409,0.913,-0.398,0.712,4.79,129.7,1.49,3.37,Low,12.34,95.94,98.25,-0.041,90.52,50.86,Negative,49.49
2022-01-30,0.64,-0.097,-0.642,-0.361,0.712,3.56,116.46,-1.57,3.66,Low,8.22,97.14,95.75,-0.023,116.2,62.55,Positive,86.46
2023-09-06,0.48,0.668,0.687,0.8,0.518,4.41,101.56,1.11,4.6,Low,6.96,95.49,98.54,0.043,109.24,53.65,Neutral,45.52
2022-08-31,0.47,0.485,0.525,-0.002,0.933,3.25,89.89,2.83,3.94,Low,11.95,100.99,98.36,0.024,115.52,49.76,Neutral,4.88
2023-12-11,0.69,-0.003,-0.307,0.449,-0.151,3.24,126.96,0.91,5.39,Low,10.04,90.99,99.45,0.045,115.28,68.64,Positive,71.04
2023-07-16,0.52,0.012,0.306,-0.4,0.131,3.96,105.79,2.62,3.91,Low,13.91,90.61,104.01,-0.014,117.45,60.17,Negative,44.38
2023-02-12,0.5,-0.236,-0.659,-0.276,0.228,3.5,126.54,3.34,5.16,Low,11.6,109.24,95.91,-0.027,95.82,43.01,Negative,20.25
2022-09-24,0.33,-0.715,-0.837,-0.866,-0.443,3.99,80.84,3.98,5.85,Low,2.37,95.05,102.91,-0.017,112.72,52.0,Positive,28.91
2023-02-06,0.31,-0.278,-0.79,-0.488,0.444,2.54,84.4,0.51,6.84,Low,1.63,106.98,103.6,-0.039,99.37,62.91,Negative,49.07
2022-08-04,0.27,-0.684,-0.489,-0.635,-0.927,3.99,95.93,3.02,3.61,Low,2.5,105.02,103.2,0.029,111.79,47.81,Positive,75.73
2022-03-26,0.33,0.24,0.014,0.839,-0.132,2.53,78.28,2.43,4.84,Low,13.49,93.97,104.24,-0.004,96.66,67.67,Neutral,88.57
2022-05-12,0.28,-0.326,-0.208,-0.633,-0.136,4.57,113.29,2.31,5.21,Low,10.39,106.09,104.59,0.004,94.33,69.62,Positive,64.74
2023-11-13,0.22,0.514,-0.075,0.858,0.758,2.59,125.49,2.48,5.34,Low,3.49,100.21,99.9,-0.033,100.17,61.09,Positive,37.63
2022-10-14,0.17,0.708,0.813,0.415,0.895,3.75,90.94,1.15,6.84,Low,12.54,94.3,97.2,0.05,100.02,49.19,Neutral,63.43
2022-05-28,0.36,-0.047,0.4,0.034,-0.575,4.08,83.37,3.5,6.25,High,2.11,95.63,101.98,0.02,118.11,41.84,Negative,90.97
2023-02-18,0.28,0.208,0.017,0.313,0.293,3.21,98.85,0.48,6.91,Low,12.17,93.18,101.67,-0.006,98.08,64.91,Negative,50.55
2023-09-09,0.24,0.373,-0.246,0.787,0.578,4.11,121.07,0.74,5.63,Low,11.05,100.16,104.95,-0.015,93.37,44.44,Neutral,23.14
2022-02-14,0.26,0.318,0.921,0.385,-0.353,3.67,104.91,-1.76,5.4,Low,4.92,99.76,98.88,-0.031,107.39,41.77,Neutral,32.34
2022-07-14,0.45,-0.486,-0.093,-0.977,-0.388,3.22,129.43,1.8,5.71,High,1.07,109.23,101.16,-0.018,106.82,63.63,Neutral,91.59
2023-05-25,0.33,0.562,0.92,0.597,0.17,2.32,102.46,3.94,5.03,Low,7.08,100.13,100.33,-0.028,107.74,42.92,Positive,94.01
2022-10-27,0.22,-0.837,-0.943,-0.92,-0.649,2.63,91.73,2.97,5.14,Low,11.71,98.18,101.34,0.034,92.3,48.78,Positive,41.67
2022-03-02,0.31,0.046,0.261,-0.627,0.505,2.75,86.25,-1.39,5.99,Low,0.13,94.43,99.35,0.036,111.26,56.08,Neutral,17.84
2022-04-30,0.42,0.44,0.267,0.633,0.419,4.44,102.98,-1.96,5.65,High,7.68,90.64,103.57,-0.002,117.51,60.81,Negative,65.09
2022-08-06,0.31,0.16,-0.587,0.414,0.653,2.22,73.2,2.74,3.34,Low,13.89,104.23,95.84,0.035,115.47,60.91,Negative,42.05
2023-01-12,0.37,-0.639,-0.825,-0.951,-0.141,3.16,92.11,3.49,5.39,High,2.41,98.89,102.86,0.013,114.89,41.11,Neutral,33.71
2023-07-24,0.25,-0.333,-0.623,-0.006,-0.369,2.66,108.51,-0.72,5.04,Low,3.43,104.64,100.8,0.033,100.7,49.12,Neutral,20.36
2022-05-04,0.37,0.292,0.377,-0.099,0.598,3.87,111.06,3.54,6.91,Low,12.18,96.89,98.9,-0.016,114.39,65.83,Negative,87.06
2023-04-28,0.36,-0.451,-0.983,-0.332,-0.038,2.99,96.89,-1.05,4.07,Low,13.79,106.23,99.82,0.043,93.82,51.66,Negative,45.23
2022-05-22,0.46,-0.175,-0.587,0.48,-0.419,2.7,73.07,1.35,5.9,High,8.79,90.82,104.17,-0.021,93.18,58.74,Negative,4.44
2022-11-22,0.4,-0.272,-0.994,0.632,-0.452,2.1,126.8,1.84,6.83,Low,1.56,101.1,103.95,-0.028,106.84,61.49,Positive,50.14
2022-07-25,0.29,0.251,0.141,0.024,0.589,2.85,112.11,2.61,6.45,Low,8.95,105.81,100.39,0.035,105.37,40.25,Neutral,88.62
2023-09-07,0.22,0.092,0.505,0.465,-0.695,3.35,78.97,3.59,3.4,Low,12.93,103.91,103.06,-0.043,112.19,69.16,Positive,37.9
2023-12-29,0.38,0.381,0.719,-0.066,0.488,3.63,99.37,1.14,4.49,Low,6.18,107.37,97.49,0.005,108.03,57.49,Neutral,47.3
2022-07-02,0.45,-0.036,0.062,-0.959,0.789,4.8,106.91,-1.38,6.22,High,5.58,108.91,103.83,0.001,110.95,57.52,Positive,49.23
2023-07-17,0.21,0.043,0.739,-0.426,-0.185,2.75,105.2,-1.56,6.67,Low,5.77,97.78,103.7,0.033,98.73,44.31,Negative,31.12
2022-11-08,0.23,-0.38,-0.073,-0.366,-0.701,2.82,116.31,3.44,5.43,Low,1.45,102.44,98.85,0.036,113.42,51.07,Neutral,75.09
2023-05-26,0.27,-0.432,-0.728,-0.844,0.277,2.82,123.61,3.6,6.75,Low,3.24,94.82,101.99,-0.046,104.98,60.74,Positive,49.63
2023-02-03,0.17,-0.029,0.906,-0.75,-0.244,3.88,102.58,2.91,4.75,Low,2.0,99.8,101.85,-0.004,98.76,60.08,Neutral,26.27
2023-01-07,0.29,0.08,-0.633,0.607,0.266,3.9,110.54,2.4,5.7,High,2.65,106.02,100.54,0.026,92.27,50.63,Positive,55.75
2022-06-28,0.21,0.232,-0.489,0.27,0.916,4.28,88.79,0.43,3.94,Low,5.17,101.89,104.52,0.001,100.31,41.91,Negative,98.83
2023-10-10,0.17,-0.456,-0.457,0.012,-0.921,2.43,112.87,2.72,3.23,Low,2.25,102.99,100.06,-0.033,97.99,52.92,Negative,39.2
2022-05-14,0.36,0.111,0.641,0.378,-0.687,3.72,91.92,1.42,3.53,High,8.35,93.05,103.07,-0.018,91.31,60.13,Neutral,16.28
2022-04-08,0.31,-0.075,0.915,-0.712,-0.428,2.98,110.64,3.17,3.2,Low,8.52,96.11,98.1,0.033,112.05,52.39,Positive,1.79
2023-08-11,0.22,0.246,0.359,0.581,-0.202,4.74,109.93,3.35,6.03,Low,4.91,109.58,100.57,-0.021,112.67,61.67,Positive,91.0
2023-01-01,0.35,0.258,0.329,-0.278,0.723,3.33,111.11,-0.43,3.71,High,1.0,103.73,96.86,0.043,111.63,55.39,Neutral,84.05
2022-12-12,0.25,-0.434,-0.898,-0.888,0.485,4.59,122.42,-1.6,5.04,Low,0.57,104.8,99.75,-0.022,99.45,48.26,Positive,24.93
2023-12-01,0.24,-0.421,-0.582,-0.578,-0.104,3.09,80.14,-0.88,5.04,Low,6.9,106.81,104.93,0.02,104.04,48.81,Positive,47.44
2023-06-01,0.24,0.27,0.955,-0.21,0.065,2.31,95.92,2.25,4.93,Low,2.3,102.56,103.37,-0.029,98.72,59.95,Positive,66.72
2022-02-22,0.23,0.422,0.335,0.621,0.31,4.9,116.17,3.25,3.9,Low,14.54,94.18,99.03,0.027,113.51,60.15,Positive,93.29
2022-05-05,0.37,-0.524,-0.215,-0.722,-0.635,3.7,82.49,0.82,4.03,Low,10.85,95.52,100.54,-0.043,96.04,48.79,Positive,62.0
2022-12-06,0.34,0.422,0.744,0.118,0.404,2.42,129.06,-0.86,6.81,Low,4.92,95.39,101.39,0.042,96.33,48.36,Positive,49.59
2023-08-30,0.23,0.191,-0.485,0.433,0.624,3.14,92.21,1.05,4.12,Low,10.39,98.23,104.06,-0.019,90.74,41.72,Negative,69.18
2023-07-06,0.44,0.654,0.764,0.256,0.942,3.95,118.12,2.38,6.32,High,5.2,95.43,104.35,-0.011,95.5,66.82,Neutral,77.9
2023-12-14,0.42,0.022,0.155,-0.09,0.002,2.21,92.25,0.66,3.46,Low,12.45,92.76,96.79,-0.042,91.93,60.83,Neutral,77.72
2023-10-05,0.27,0.21,-0.495,0.796,0.327,3.54,125.82,3.02,4.02,Low,2.83,104.45,97.67,-0.032,103.28,58.28,Neutral,57.02
2022-09-13,0.26,-0.488,-0.99,-0.844,0.369,4.03,82.17,0.15,3.65,Low,4.14,107.38,95.82,-0.02,114.11,41.48,Positive,4.24
2022-01-09,0.5,-0.818,-0.725,-0.732,-0.998,2.24,113.48,3.28,4.85,High,14.11,92.23,96.87,-0.013,104.95,59.67,Neutral,35.48
2023-10-08,0.29,-0.045,0.078,0.331,-0.546,3.82,87.96,2.47,3.38,Low,5.09,104.28,103.55,-0.01,103.47,50.78,Negative,87.5
2023-02-25,0.36,0.185,-0.551,0.184,0.921,4.17,93.39,3.42,5.0,Low,8.37,102.1,104.47,-0.009,98.18,63.49,Positive,37.04
2022-08-11,0.32,0.008,-0.368,0.285,0.106,3.39,78.34,-0.3,5.06,Low,5.96,90.03,101.64,-0.042,100.36,51.21,Positive,30.12
2023-06-28,0.41,0.179,0.781,0.278,-0.522,3.09,124.46,0.01,5.12,Low,10.27,95.14,95.06,-0.004,102.91,53.67,Negative,75.37
2023-08-08,0.29,-0.451,0.166,-0.618,-0.899,2.15,88.46,-1.63,3.25,Low,3.75,97.81,103.89,-0.032,96.56,60.39,Neutral,64.96
2023-03-26,0.46,0.306,-0.471,0.413,0.977,4.48,127.16,2.6,6.4,Low,0.75,94.72,100.37,-0.013,119.78,44.82,Negative,23.16
2022-04-05,0.45,0.14,-0.51,0.188,0.743,4.72,98.81,2.13,6.11,Low,14.7,93.88,100.71,-0.009,105.35,47.97,Negative,76.03
2022-07-18,0.32,0.694,0.873,0.731,0.478,4.54,92.74,2.55,5.35,Low,5.68,93.82,101.15,-0.002,112.21,49.7,Negative,14.56
2023-02-26,0.44,-0.336,-0.012,-0.396,-0.602,3.75,87.74,0.73,5.37,Low,1.1,96.77,96.62,0.031,115.55,64.36,Neutral,86.88
2022-05-08,0.62,0.265,0.766,0.078,-0.049,3.08,119.97,1.5,4.17,High,1.55,97.02,102.46,0.004,107.4,57.24,Positive,62.3
2022-04-26,0.57,-0.321,-0.311,-0.615,-0.038,4.95,118.89,-0.59,6.38,Low,0.97,97.22,97.76,-0.01,94.15,51.91,Neutral,51.01
2023-07-20,0.45,-0.065,0.058,-0.346,0.094,3.79,124.45,3.28,4.54,Low,12.59,100.41,95.68,-0.006,101.02,64.83,Neutral,55.12
2023-05-09,0.55,0.003,-0.035,0.337,-0.293,3.42,101.27,3.64,3.41,Low,8.32,101.35,95.7,0.013,98.06,46.3,Positive,43.78
2023-10-11,0.33,-0.145,0.722,-0.972,-0.184,2.66,92.6,1.65,3.37,Low,13.94,109.19,99.8,-0.013,106.46,53.99,Neutral,13.93
2023-12-02,0.56,0.244,0.917,-0.283,0.098,4.17,119.6,2.53,3.54,High,9.65,108.18,99.06,-0.024,91.37,69.82,Negative,91.86
2022-01-16,0.38,0.157,-0.37,0.189,0.652,2.91,127.4,3.34,3.34,Low,6.23,94.48,95.26,-0.048,111.32,45.59,Neutral,89.57
2022-04-25,0.54,-0.412,-0.42,-0.305,-0.512,4.19,91.03,-0.71,4.84,Low,6.02,94.39,101.2,0.022,110.59,65.84,Positive,39.9
2023-01-04,0.7,0.591,0.892,0.395,0.487,4.09,75.4,-1.03,3.52,High,4.54,108.3,102.1,0.004,96.4,46.7,Negative,28.19
2022-02-17,0.48,0.056,-0.148,-0.145,0.462,4.94,75.82,1.33,3.52,Low,7.98,90.09,98.66,-0.021,100.48,45.26,Negative,74.39
2022-06-18,0.63,-0.199,-0.297,0.181,-0.48,3.36,124.62,1.45,5.0,Low,3.51,106.02,98.02,0.05,113.26,52.27,Positive,96.49
2023-01-06,0.72,0.288,0.768,-0.402,0.498,3.83,127.21,1.02,6.81,High,3.57,108.8,97.8,0.029,94.77,64.09,Neutral,85.22
2023-05-28,0.77,0.021,-0.246,-0.03,0.338,3.0,115.9,2.94,5.73,High,14.71,91.24,98.06,-0.018,116.26,42.35,Neutral,20.81
2022-07-26,0.45,0.005,-0.916,-0.038,0.969,2.21,124.67,3.36,4.24,Low,13.23,101.78,102.1,-0.008,97.8,42.72,Neutral,27.27
2022-11-25,1.29,0.399,0.948,0.074,0.174,2.2,94.11,3.33,6.6,High,8.92,93.51,97.12,-0.04,112.2,59.57,Positive,64.18
2022-08-20,0.52,-0.705,-0.912,-0.619,-0.585,3.13,124.69,0.89,3.38,Low,14.12,95.34,98.48,0.049,94.28,61.88,Negative,50.57
2023-01-13,0.76,-0.275,-0.439,0.128,-0.515,3.15,105.32,2.36,4.1,High,11.79,101.08,98.59,-0.046,109.18,50.02,Negative,25.98
2022-09-23,0.31,-0.157,0.586,-0.385,-0.673,3.19,98.88,3.34,4.36,Low,11.74,98.18,97.69,0.012,107.43,60.26,Neutral,34.38
2022-01-10,0.56,0.589,0.919,0.812,0.035,3.32,90.91,-0.44,3.47,High,2.1,90.68,98.3,-0.016,105.07,46.51,Neutral,29.31
2022-09-10,0.32,0.086,0.682,-0.099,-0.323,2.89,113.97,-0.36,6.25,Low,8.24,102.85,102.08,0.033,110.47,57.51,Neutral,33.57
2022-09-15,0.25,0.383,0.972,-0.415,0.592,2.68,104.97,3.7,5.63,Low,7.5,95.01,100.69,-0.013,98.69,53.17,Neutral,43.45
2023-12-23,0.5,-0.021,0.564,-0.95,0.323,3.23,85.36,0.18,3.45,High,5.63,96.05,101.38,0.043,110.97,64.64,Positive,71.77
2022-12-07,0.33,-0.17,-0.287,-0.607,0.383,2.37,101.6,0.31,3.9,Low,1.57,108.48,101.04,-0.024,110.81,46.79,Neutral,53.55
2023-02-22,0.27,-0.507,-0.553,-0.392,-0.575,2.31,108.9,2.36,4.59,Low,2.95,100.33,96.23,-0.047,108.51,54.94,Neutral,16.82
2022-06-07,0.28,-0.758,-0.735,-0.549,-0.988,2.77,99.51,-1.78,6.83,Low,10.11,99.35,96.72,0.042,100.35,56.46,Negative,67.15
2022-01-15,0.44,-0.66,-0.656,-0.377,-0.945,2.72,121.68,0.07,4.49,High,0.95,97.7,97.77,-0.009,100.84,64.9,Positive,46.21
2023-09-10,0.26,-0.051,-0.077,0.844,-0.919,3.65,85.56,2.13,4.17,Low,11.05,101.74,95.73,0.013,104.49,57.61,Neutral,24.67
2023-04-10,0.32,0.09,0.679,-0.398,-0.013,4.98,104.59,-0.02,5.22,Low,11.49,93.85,104.79,-0.016,107.3,58.32,Negative,91.36
2023-04-29,0.33,-0.307,-0.77,-0.5,0.349,4.43,98.43,-0.34,6.06,High,6.29,96.76,101.52,0.001,97.06,52.36,Positive,23.97
2022-10-28,0.22,-0.413,-0.181,-0.624,-0.435,4.47,73.22,1.45,4.83,Low,9.01,109.05,100.15,-0.01,101.24,55.8,Positive,49.45
2023-06-25,0.32,0.3,0.349,0.199,0.352,2.4,110.28,0.78,5.35,Low,0.77,99.64,97.9,-0.013,105.99,50.07,Neutral,34.25
2023-03-04,0.41,-0.365,0.248,-0.488,-0.856,4.15,72.93,-0.88,4.13,Low,7.3,96.18,100.7,0.048,117.06,42.59,Neutral,14.77
2023-09-26,0.23,-0.221,0.523,-0.683,-0.504,3.62,116.89,-1.76,5.33,Low,3.82,104.42,98.61,-0.033,108.78,52.41,Neutral,90.68
2022-04-19,0.39,-0.304,-0.789,0.422,-0.546,4.74,97.88,1.82,4.91,Low,2.93,106.6,97.14,-0.035,91.34,64.72,Positive,95.79
2023-06-16,0.35,0.1,0.269,-0.217,0.247,4.34,74.24,2.42,4.54,Low,14.51,99.97,104.41,0.003,111.02,41.31,Positive,6.4
2023-11-14,0.28,-0.308,0.013,0.032,-0.971,4.88,108.36,-1.19,6.36,Low,3.43,103.13,103.29,0.025,100.92,68.12,Positive,23.17
2023-01-23,0.21,-0.682,-0.597,-0.478,-0.97,4.66,87.29,1.97,3.57,Low,4.28,105.2,100.33,-0.007,116.02,49.36,Positive,38.42
2022-06-30,0.25,-0.132,-0.795,0.188,0.212,2.59,117.06,0.32,6.2,Low,1.57,103.79,95.19,0.048,97.49,62.25,Negative,38.83
2023-09-20,0.18,-0.226,-0.894,-0.462,0.676,4.43,86.42,2.95,5.98,Low,12.92,96.63,96.4,0.027,96.11,49.03,Neutral,79.93
2023-05-15,0.3,-0.177,0.854,-0.962,-0.425,2.43,126.23,0.57,4.84,Low,7.8,94.64,102.27,0.008,103.85,60.19,Positive,28.53
2023-09-05,0.19,0.046,0.896,0.052,-0.811,4.73,98.3,0.44,6.46,Low,8.69,109.1,99.53,-0.031,102.75,54.28,Neutral,89.05
2022-04-29,0.3,-0.196,0.652,-0.262,-0.979,4.68,108.25,0.37,3.28,Low,13.69,107.87,96.56,0.012,119.58,52.7,Positive,93.64
2022-07-06,0.46,0.149,0.549,-0.305,0.203,3.85,82.84,1.45,3.68,High,2.5,94.53,97.87,0.043,115.26,48.86,Positive,91.26
2023-08-06,0.26,0.18,0.746,-0.662,0.456,2.44,93.87,0.23,6.01,Low,12.02,106.11,97.64,0.018,91.53,49.73,Neutral,82.9
2022-09-06,0.18,0.126,0.022,-0.497,0.853,4.09,120.31,3.54,5.27,Low,2.34,90.73,104.43,0.005,119.48,54.85,Negative,96.44
2023-02-24,0.22,0.411,0.253,0.951,0.03,2.71,90.32,2.62,6.21,Low,3.67,109.83,99.52,-0.029,111.21,46.86,Negative,32.41
2023-09-29,0.2,-0.049,-0.146,0.463,-0.464,2.88,129.04,-0.32,4.74,Low,4.56,101.59,104.64,0.0,97.0,44.16,Neutral,37.57
2023-04-16,0.39,-0.26,-0.443,0.219,-0.558,2.27,105.22,2.13,3.38,High,8.12,104.25,102.23,0.032,94.09,44.38,Negative,55.92
2022-08-26,0.26,-0.041,0.359,-0.114,-0.367,2.3,120.05,2.07,5.78,Low,0.88,98.99,97.18,0.011,108.61,40.64,Negative,48.16
2022-02-16,0.33,0.017,-0.556,-0.154,0.763,2.61,103.47,2.71,6.52,Low,14.98,96.37,97.73,0.02,110.04,49.36,Positive,31.43
2022-12-24,0.57,0.519,0.788,0.766,0.001,2.35,95.15,-1.08,4.82,High,4.46,107.06,98.81,-0.04,113.64,48.28,Negative,24.56
2022-05-17,0.39,-0.27,-0.148,0.112,-0.776,3.49,108.43,0.73,3.45,Low,6.2,109.42,95.93,-0.001,105.05,50.98,Neutral,89.65
2023-11-08,0.29,-0.066,-0.883,-0.278,0.964,3.84,90.63,3.75,4.18,Low,6.59,105.94,99.81,-0.014,94.12,45.14,Negative,89.51
2022-06-09,0.33,0.752,0.95,0.555,0.753,3.16,92.0,0.38,5.67,Low,10.94,100.06,95.1,-0.01,113.64,41.06,Negative,54.9
2022-07-31,0.33,-0.179,-0.392,0.158,-0.303,4.69,102.67,-1.94,6.25,Low,11.45,107.23,102.41,-0.022,96.54,69.28,Positive,88.0
2022-01-12,0.5,0.094,0.84,-0.602,0.044,2.13,125.17,2.8,6.34,High,2.34,101.53,97.17,-0.007,113.4,45.65,Neutral,27.36
2022-10-16,0.36,0.096,0.934,-0.436,-0.209,4.66,129.0,-1.86,4.08,Low,13.26,92.85,104.79,-0.041,91.8,65.52,Negative,94.05
2023-03-05,0.49,0.043,-0.767,-0.093,0.988,3.47,127.93,0.93,5.52,Low,6.09,106.57,99.27,-0.02,114.1,69.58,Positive,40.99
2022-04-23,0.47,0.261,-0.368,0.227,0.923,2.75,86.56,2.59,4.17,High,5.59,93.05,104.27,-0.015,102.37,43.57,Positive,47.04
2022-11-17,0.37,-0.372,-0.582,-0.334,-0.199,3.95,126.84,-1.16,5.58,Low,0.25,91.86,98.91,-0.017,117.61,52.26,Neutral,64.76
2022-10-02,0.34,-0.476,-0.781,-0.11,-0.536,3.34,95.91,2.43,5.41,Low,8.47,107.45,103.08,-0.048,98.86,46.31,Positive,24.41
2022-06-08,0.45,0.474,0.392,0.738,0.293,4.79,95.31,2.48,3.01,Low,10.86,107.75,96.1,0.018,110.37,45.9,Negative,41.35
2023-04-22,0.6,0.18,0.761,-0.16,-0.059,4.43,77.2,2.22,6.42,High,7.06,102.24,100.99,-0.024,92.8,59.38,Neutral,32.13
2023-08-10,0.41,-0.029,0.123,0.064,-0.274,2.19,121.85,-0.55,6.22,Low,8.38,108.01,102.09,0.031,101.68,57.49,Neutral,4.27
2023-10-18,0.35,-0.556,-0.409,-0.788,-0.47,2.6,113.69,2.52,5.46,Low,6.8,105.03,102.09,-0.008,96.99,58.12,Neutral,43.57
2023-03-23,0.4,-0.426,0.125,-0.925,-0.479,3.21,77.0,-1.34,3.93,Low,12.79,100.05,95.2,-0.005,92.89,41.12,Negative,93.97
2022-03-01,0.37,0.183,0.398,-0.68,0.832,4.22,75.75,3.65,5.67,Low,4.2,95.98,96.98,0.034,112.83,62.99,Positive,26.38
2022-07-21,0.25,0.009,0.668,-0.621,-0.019,4.08,79.68,1.7,6.62,Low,13.11,105.87,102.03,-0.049,96.5,65.85,Neutral,59.65
2023-08-29,0.24,-0.398,-0.755,0.103,-0.542,2.53,129.94,0.54,4.49,Low,5.84,101.84,99.71,0.033,99.45,49.94,Neutral,41.17
2022-02-09,0.28,0.384,0.939,-0.49,0.702,4.74,111.46,3.0,5.11,Low,9.06,108.13,97.73,-0.011,110.79,60.76,Neutral,74.56
2022-08-21,0.32,-0.243,-0.42,-0.474,0.165,3.45,73.86,3.31,4.96,Low,1.45,106.81,102.34,0.041,111.03,57.26,Neutral,23.33
2023-01-26,0.28,0.195,0.79,0.73,-0.935,2.07,108.0,0.18,4.24,Low,10.35,106.5,96.16,0.037,110.54,60.22,Neutral,87.22
2022-04-07,0.4,0.058,-0.622,-0.1,0.898,2.17,102.43,-1.88,6.65,Low,10.89,103.78,102.21,-0.042,95.03,66.24,Neutral,64.12
2022-06-06,0.37,-0.372,-0.792,0.249,-0.573,3.72,106.36,-1.76,5.12,Low,8.32,97.36,98.1,0.044,107.9,56.84,Negative,78.5
2023-07-27,0.28,0.646,0.636,0.918,0.384,2.38,90.79,2.87,3.07,Low,6.17,91.02,99.62,-0.008,105.18,49.57,Neutral,97.13
2022-07-28,0.27,-0.209,-0.409,0.647,-0.864,4.66,81.21,-0.32,4.02,Low,10.67,98.68,104.65,-0.011,101.77,43.8,Positive,12.19
2022-11-24,0.35,-0.207,-0.636,-0.012,0.028,3.68,73.51,0.02,4.37,Low,7.88,107.41,98.72,0.049,116.91,55.65,Neutral,91.23
2022-04-24,0.55,0.509,0.365,0.541,0.621,2.01,116.58,0.58,4.52,High,7.17,102.2,103.43,0.027,102.15,41.97,Negative,58.61
2023-10-28,0.29,0.114,-0.09,0.513,-0.08,4.66,115.18,0.52,4.03,Low,11.35,109.96,99.33,0.045,115.88,47.93,Neutral,40.58
2023-11-19,0.34,-0.199,-0.803,-0.283,0.489,2.64,83.83,-1.02,4.05,Low,4.99,97.94,95.02,-0.01,115.57,40.15,Positive,0.82
2023-01-17,0.23,-0.019,0.306,-0.487,0.123,4.88,84.94,0.49,5.85,Low,13.2,94.06,103.62,0.035,110.23,46.12,Positive,72.84
2023-01-09,0.46,-0.25,-0.554,0.043,-0.238,4.96,73.68,2.87,4.05,High,13.9,105.74,103.15,-0.049,107.55,47.36,Neutral,19.77
2022-11-04,0.34,-0.057,-0.864,0.739,-0.046,3.64,96.4,2.56,3.34,Low,12.11,97.65,102.89,0.028,98.2,67.62,Negative,69.77
2023-02-28,0.38,-0.148,-0.72,0.478,-0.201,3.44,94.39,1.13,4.31,Low,11.61,90.3,95.98,-0.022,93.38,50.23,Negative,15.99
2022-09-29,0.29,-0.213,-0.479,0.253,-0.412,4.89,87.34,-0.31,3.64,Low,14.58,94.3,98.83,0.008,110.7,51.66,Negative,90.06
2023-12-18,0.77,0.949,0.961,0.989,0.899,2.24,101.21,3.12,4.33,High,11.86,103.13,96.32,0.004,92.89,55.58,Positive,57.72
2022-05-20,0.48,-0.445,-0.074,-0.963,-0.298,3.7,111.35,2.59,4.16,Low,8.69,100.23,104.05,0.02,104.78,44.87,Negative,98.38
2022-09-11,0.34,0.05,-0.374,-0.378,0.9,3.75,92.41,-1.55,4.59,Low,7.15,104.53,103.81,-0.029,116.26,66.98,Positive,80.53
2023-04-04,0.44,-0.142,0.809,-0.911,-0.324,3.73,73.42,1.59,5.96,Low,13.97,104.29,96.67,0.035,95.36,58.03,Neutral,51.44
2023-02-02,0.32,0.104,0.582,-0.422,0.151,3.75,73.05,2.92,4.54,Low,0.9,105.54,95.21,0.027,115.05,67.69,Positive,88.73
2022-06-13,0.34,-0.448,0.095,-0.605,-0.835,4.07,86.9,1.91,4.98,Low,4.17,98.7,97.31,0.044,105.41,59.43,Neutral,11.16
2022-03-03,0.27,-0.771,-0.915,-0.837,-0.56,4.11,126.29,3.99,6.36,Low,8.15,92.28,104.55,0.01,114.08,49.11,Positive,78.37
2023-10-16,0.17,-0.171,-0.942,0.536,-0.108,3.45,120.77,2.25,4.17,Low,4.1,105.28,103.93,0.047,117.41,45.57,Positive,90.25
2023-09-16,0.16,0.387,0.951,-0.266,0.476,3.1,102.91,-1.72,6.88,Low,2.57,108.85,100.29,0.033,99.97,42.82,Positive,17.3
2022-03-09,0.19,0.014,0.394,-0.674,0.322,4.71,79.35,-0.6,3.76,Low,14.47,94.77,104.22,-0.048,101.68,42.69,Neutral,47.76
2022-09-03,0.18,0.047,-0.253,0.031,0.362,2.06,80.38,-1.22,6.92,Low,13.1,106.14,96.68,-0.03,90.74,68.13,Positive,76.07
2023-11-18,0.27,0.414,0.746,0.71,-0.215,4.4,71.04,2.56,3.11,Low,5.78,103.07,98.25,-0.011,115.2,62.79,Positive,51.47
2022-05-07,0.31,0.046,-0.855,0.596,0.395,2.94,124.68,3.69,4.57,High,0.69,108.16,96.49,-0.007,112.97,51.0,Positive,91.02
2023-10-01,0.18,-0.526,0.11,-0.726,-0.962,4.2,102.66,1.69,6.67,Low,13.37,109.87,100.01,-0.027,90.86,55.63,Neutral,98.9
2022-02-27,0.2,-0.103,0.193,-0.21,-0.293,4.03,103.29,1.71,6.48,Low,5.63,94.13,99.43,-0.034,118.2,69.24,Negative,27.67
2022-03-28,0.17,0.214,0.169,0.366,0.107,2.67,119.01,-0.32,6.05,Low,8.99,107.27,97.95,-0.002,98.12,48.44,Positive,53.4
2023-06-26,0.15,0.103,-0.784,0.154,0.939,3.98,80.28,2.87,3.21,Low,9.43,93.31,98.7,-0.033,108.18,63.6,Negative,54.83
2023-04-08,0.21,-0.128,0.172,-0.329,-0.226,3.75,124.24,-0.7,5.02,High,2.48,90.62,101.4,0.044,116.96,44.62,Neutral,68.28
2022-12-04,0.2,-0.587,-0.864,0.023,-0.92,2.54,91.17,1.43,3.35,High,12.32,99.61,97.48,-0.043,103.5,64.41,Neutral,44.33
2023-03-15,0.14,0.309,0.577,0.708,-0.359,3.02,81.49,1.05,3.35,Low,8.28,100.61,96.23,-0.016,103.6,55.23,Negative,5.72
2023-04-07,0.15,-0.132,-0.12,-0.726,0.448,4.55,97.5,-0.69,5.46,Low,11.07,103.25,96.33,-0.031,99.74,46.01,Negative,66.57
2023-05-20,0.17,0.311,-0.386,0.837,0.481,3.91,99.54,0.46,5.13,High,8.07,92.02,101.69,0.013,110.91,64.85,Positive,79.57
2023-01-29,0.13,-0.576,-0.487,-0.395,-0.846,4.12,97.21,0.51,6.7,Low,12.51,106.52,99.45,-0.01,115.52,48.38,Positive,18.06
2022-03-23,0.15,-0.238,-0.927,0.096,0.117,3.12,116.78,-1.58,3.52,Low,13.25,104.65,101.74,-0.02,97.13,43.05,Neutral,89.6
2023-10-15,0.12,0.183,0.495,0.239,-0.186,2.48,81.13,-1.62,5.7,Low,3.33,95.04,95.69,-0.002,111.9,48.56,Positive,79.89
2022-10-05,0.11,0.253,0.368,0.185,0.207,3.65,97.72,3.25,6.96,Low,5.8,100.55,100.82,-0.028,100.32,57.51,Positive,14.41
2022-03-11,0.14,0.431,0.949,0.197,0.147,3.71,129.97,3.93,4.89,Low,14.51,100.11,101.12,-0.014,101.85,54.73,Neutral,10.01
2023-05-02,0.15,-0.088,0.001,-0.29,0.026,3.61,84.48,3.02,3.21,Low,12.47,109.82,102.51,-0.039,93.9,60.68,Positive,56.01
2022-03-04,0.14,-0.386,-0.457,-0.402,-0.301,4.63,103.34,-1.74,6.08,Low,0.86,105.9,102.95,-0.046,102.71,56.15,Neutral,84.89
2023-08-15,0.13,0.114,-0.345,0.728,-0.039,2.99,102.5,-0.92,3.2,Low,4.63,94.32,99.45,0.019,114.53,69.82,Positive,16.95
2022-03-17,0.18,-0.558,-0.834,-0.77,-0.07,2.66,125.48,0.03,4.66,Low,7.19,93.76,102.35,-0.012,112.95,42.69,Neutral,6.65
2022-02-01,0.14,0.425,0.503,0.586,0.186,3.21,99.51,-1.54,6.29,Low,13.59,101.86,100.7,-0.002,119.94,47.2,Negative,32.1
2022-10-07,0.15,0.156,0.802,-0.532,0.198,3.74,89.67,-0.97,6.76,Low,3.86,108.68,103.95,0.035,100.73,51.45,Positive,69.11
2022-04-22,0.19,-0.077,-0.57,0.996,-0.657,3.89,110.53,0.26,6.56,Low,8.62,94.91,97.55,-0.047,115.33,69.14,Negative,40.54
2022-10-26,0.13,0.227,0.523,-0.19,0.348,4.11,99.7,0.3,5.13,Low,9.68,102.37,101.53,-0.006,100.1,47.96,Neutral,97.05
2022-05-18,0.17,0.53,0.819,0.967,-0.197,2.84,94.05,-1.46,4.07,Low,7.78,96.05,97.66,-0.026,94.92,50.4,Neutral,43.91
2023-05-10,0.19,0.281,0.323,0.379,0.14,4.93,113.22,-1.99,6.12,Low,1.1,94.63,101.18,0.005,99.53,63.43,Neutral,58.43
2023-08-23,0.11,0.129,-0.331,0.237,0.481,3.87,91.18,2.88,6.64,Low,11.79,104.14,98.93,0.011,94.94,41.62,Positive,74.25
2023-12-04,0.14,0.304,-0.17,0.159,0.923,3.63,101.72,2.36,3.11,Low,4.31,94.37,103.35,-0.008,114.66,61.14,Positive,62.02
2023-07-30,0.12,0.248,0.461,-0.669,0.95,4.99,92.5,1.29,6.23,Low,11.33,107.07,97.78,0.033,96.93,47.7,Negative,48.54
2022-10-11,0.1,0.278,-0.126,0.031,0.929,3.97,108.84,0.86,5.55,Low,2.98,96.56,101.65,0.03,117.0,59.09,Neutral,92.65
2022-08-30,0.1,-0.396,-0.574,-0.007,-0.606,3.89,106.87,3.25,4.43,Low,1.77,108.33,104.94,-0.032,103.21,52.24,Neutral,29.8
2022-09-22,0.09,-0.03,0.771,-0.35,-0.51,4.74,119.95,3.9,3.34,Low,3.97,94.87,96.61,-0.043,101.57,42.62,Neutral,97.08
